DateKey,Date,Year,Month,Week,Weekday,IsWeekend
20220101,2022-01-01,2022,1,52,6,True
20220102,2022-01-02,2022,1,52,7,True
20220103,2022-01-03,2022,1,1,1,False
20220104,2022-01-04,2022,1,1,2,False
20220105,2022-01-05,2022,1,1,3,False
20220106,2022-01-06,2022,1,1,4,False
20220107,2022-01-07,2022,1,1,5,False
20220108,2022-01-08,2022,1,1,6,True
20220109,2022-01-09,2022,1,1,7,True
20220110,2022-01-10,2022,1,2,1,False
20220111,2022-01-11,2022,1,2,2,False
20220112,2022-01-12,2022,1,2,3,False
20220113,2022-01-13,2022,1,2,4,False
20220114,2022-01-14,2022,1,2,5,False
20220115,2022-01-15,2022,1,2,6,True
20220116,2022-01-16,2022,1,2,7,True
20220117,2022-01-17,2022,1,3,1,False
20220118,2022-01-18,2022,1,3,2,False
20220119,2022-01-19,2022,1,3,3,False
20220120,2022-01-20,2022,1,3,4,False
20220121,2022-01-21,2022,1,3,5,False
20220122,2022-01-22,2022,1,3,6,True
20220123,2022-01-23,2022,1,3,7,True
20220124,2022-01-24,2022,1,4,1,False
20220125,2022-01-25,2022,1,4,2,False
20220126,2022-01-26,2022,1,4,3,False
20220127,2022-01-27,2022,1,4,4,False
20220128,2022-01-28,2022,1,4,5,False
20220129,2022-01-29,2022,1,4,6,True
20220130,2022-01-30,2022,1,4,7,True
20220131,2022-01-31,2022,1,5,1,False
20220201,2022-02-01,2022,2,5,2,False
20220202,2022-02-02,2022,2,5,3,False
20220203,2022-02-03,2022,2,5,4,False
20220204,2022-02-04,2022,2,5,5,False
20220205,2022-02-05,2022,2,5,6,True
20220206,2022-02-06,2022,2,5,7,True
20220207,2022-02-07,2022,2,6,1,False
20220208,2022-02-08,2022,2,6,2,False
20220209,2022-02-09,2022,2,6,3,False
20220210,2022-02-10,2022,2,6,4,False
20220211,2022-02-11,2022,2,6,5,False
20220212,2022-02-12,2022,2,6,6,True
20220213,2022-02-13,2022,2,6,7,True
20220214,2022-02-14,2022,2,7,1,False
20220215,2022-02-15,2022,2,7,2,False
20220216,2022-02-16,2022,2,7,3,False
20220217,2022-02-17,2022,2,7,4,False
20220218,2022-02-18,2022,2,7,5,False
20220219,2022-02-19,2022,2,7,6,True
20220220,2022-02-20,2022,2,7,7,True
20220221,2022-02-21,2022,2,8,1,False
20220222,2022-02-22,2022,2,8,2,False
20220223,2022-02-23,2022,2,8,3,False
20220224,2022-02-24,2022,2,8,4,False
20220225,2022-02-25,2022,2,8,5,False
20220226,2022-02-26,2022,2,8,6,True
20220227,2022-02-27,2022,2,8,7,True
20220228,2022-02-28,2022,2,9,1,False
20220301,2022-03-01,2022,3,9,2,False
20220302,2022-03-02,2022,3,9,3,False
20220303,2022-03-03,2022,3,9,4,False
20220304,2022-03-04,2022,3,9,5,False
20220305,2022-03-05,2022,3,9,6,True
20220306,2022-03-06,2022,3,9,7,True
20220307,2022-03-07,2022,3,10,1,False
20220308,2022-03-08,2022,3,10,2,False
20220309,2022-03-09,2022,3,10,3,False
20220310,2022-03-10,2022,3,10,4,False
20220311,2022-03-11,2022,3,10,5,False
20220312,2022-03-12,2022,3,10,6,True
20220313,2022-03-13,2022,3,10,7,True
20220314,2022-03-14,2022,3,11,1,False
20220315,2022-03-15,2022,3,11,2,False
20220316,2022-03-16,2022,3,11,3,False
20220317,2022-03-17,2022,3,11,4,False
20220318,2022-03-18,2022,3,11,5,False
20220319,2022-03-19,2022,3,11,6,True
20220320,2022-03-20,2022,3,11,7,True
20220321,2022-03-21,2022,3,12,1,False
20220322,2022-03-22,2022,3,12,2,False
20220323,2022-03-23,2022,3,12,3,False
20220324,2022-03-24,2022,3,12,4,False
20220325,2022-03-25,2022,3,12,5,False
20220326,2022-03-26,2022,3,12,6,True
20220327,2022-03-27,2022,3,12,7,True
20220328,2022-03-28,2022,3,13,1,False
20220329,2022-03-29,2022,3,13,2,False
20220330,2022-03-30,2022,3,13,3,False
20220331,2022-03-31,2022,3,13,4,False
20220401,2022-04-01,2022,4,13,5,False
20220402,2022-04-02,2022,4,13,6,True
20220403,2022-04-03,2022,4,13,7,True
20220404,2022-04-04,2022,4,14,1,False
20220405,2022-04-05,2022,4,14,2,False
20220406,2022-04-06,2022,4,14,3,False
20220407,2022-04-07,2022,4,14,4,False
20220408,2022-04-08,2022,4,14,5,False
20220409,2022-04-09,2022,4,14,6,True
20220410,2022-04-10,2022,4,14,7,True
20220411,2022-04-11,2022,4,15,1,False
20220412,2022-04-12,2022,4,15,2,False
20220413,2022-04-13,2022,4,15,3,False
20220414,2022-04-14,2022,4,15,4,False
20220415,2022-04-15,2022,4,15,5,False
20220416,2022-04-16,2022,4,15,6,True
20220417,2022-04-17,2022,4,15,7,True
20220418,2022-04-18,2022,4,16,1,False
20220419,2022-04-19,2022,4,16,2,False
20220420,2022-04-20,2022,4,16,3,False
20220421,2022-04-21,2022,4,16,4,False
20220422,2022-04-22,2022,4,16,5,False
20220423,2022-04-23,2022,4,16,6,True
20220424,2022-04-24,2022,4,16,7,True
20220425,2022-04-25,2022,4,17,1,False
20220426,2022-04-26,2022,4,17,2,False
20220427,2022-04-27,2022,4,17,3,False
20220428,2022-04-28,2022,4,17,4,False
20220429,2022-04-29,2022,4,17,5,False
20220430,2022-04-30,2022,4,17,6,True
20220501,2022-05-01,2022,5,17,7,True
20220502,2022-05-02,2022,5,18,1,False
20220503,2022-05-03,2022,5,18,2,False
20220504,2022-05-04,2022,5,18,3,False
20220505,2022-05-05,2022,5,18,4,False
20220506,2022-05-06,2022,5,18,5,False
20220507,2022-05-07,2022,5,18,6,True
20220508,2022-05-08,2022,5,18,7,True
20220509,2022-05-09,2022,5,19,1,False
20220510,2022-05-10,2022,5,19,2,False
20220511,2022-05-11,2022,5,19,3,False
20220512,2022-05-12,2022,5,19,4,False
20220513,2022-05-13,2022,5,19,5,False
20220514,2022-05-14,2022,5,19,6,True
20220515,2022-05-15,2022,5,19,7,True
20220516,2022-05-16,2022,5,20,1,False
20220517,2022-05-17,2022,5,20,2,False
20220518,2022-05-18,2022,5,20,3,False
20220519,2022-05-19,2022,5,20,4,False
20220520,2022-05-20,2022,5,20,5,False
20220521,2022-05-21,2022,5,20,6,True
20220522,2022-05-22,2022,5,20,7,True
20220523,2022-05-23,2022,5,21,1,False
20220524,2022-05-24,2022,5,21,2,False
20220525,2022-05-25,2022,5,21,3,False
20220526,2022-05-26,2022,5,21,4,False
20220527,2022-05-27,2022,5,21,5,False
20220528,2022-05-28,2022,5,21,6,True
20220529,2022-05-29,2022,5,21,7,True
20220530,2022-05-30,2022,5,22,1,False
20220531,2022-05-31,2022,5,22,2,False
20220601,2022-06-01,2022,6,22,3,False
20220602,2022-06-02,2022,6,22,4,False
20220603,2022-06-03,2022,6,22,5,False
20220604,2022-06-04,2022,6,22,6,True
20220605,2022-06-05,2022,6,22,7,True
20220606,2022-06-06,2022,6,23,1,False
20220607,2022-06-07,2022,6,23,2,False
20220608,2022-06-08,2022,6,23,3,False
20220609,2022-06-09,2022,6,23,4,False
20220610,2022-06-10,2022,6,23,5,False
20220611,2022-06-11,2022,6,23,6,True
20220612,2022-06-12,2022,6,23,7,True
20220613,2022-06-13,2022,6,24,1,False
20220614,2022-06-14,2022,6,24,2,False
20220615,2022-06-15,2022,6,24,3,False
20220616,2022-06-16,2022,6,24,4,False
20220617,2022-06-17,2022,6,24,5,False
20220618,2022-06-18,2022,6,24,6,True
20220619,2022-06-19,2022,6,24,7,True
20220620,2022-06-20,2022,6,25,1,False
20220621,2022-06-21,2022,6,25,2,False
20220622,2022-06-22,2022,6,25,3,False
20220623,2022-06-23,2022,6,25,4,False
20220624,2022-06-24,2022,6,25,5,False
20220625,2022-06-25,2022,6,25,6,True
20220626,2022-06-26,2022,6,25,7,True
20220627,2022-06-27,2022,6,26,1,False
20220628,2022-06-28,2022,6,26,2,False
20220629,2022-06-29,2022,6,26,3,False
20220630,2022-06-30,2022,6,26,4,False
20220701,2022-07-01,2022,7,26,5,False
20220702,2022-07-02,2022,7,26,6,True
20220703,2022-07-03,2022,7,26,7,True
20220704,2022-07-04,2022,7,27,1,False
20220705,2022-07-05,2022,7,27,2,False
20220706,2022-07-06,2022,7,27,3,False
20220707,2022-07-07,2022,7,27,4,False
20220708,2022-07-08,2022,7,27,5,False
20220709,2022-07-09,2022,7,27,6,True
20220710,2022-07-10,2022,7,27,7,True
20220711,2022-07-11,2022,7,28,1,False
20220712,2022-07-12,2022,7,28,2,False
20220713,2022-07-13,2022,7,28,3,False
20220714,2022-07-14,2022,7,28,4,False
20220715,2022-07-15,2022,7,28,5,False
20220716,2022-07-16,2022,7,28,6,True
20220717,2022-07-17,2022,7,28,7,True
20220718,2022-07-18,2022,7,29,1,False
20220719,2022-07-19,2022,7,29,2,False
20220720,2022-07-20,2022,7,29,3,False
20220721,2022-07-21,2022,7,29,4,False
20220722,2022-07-22,2022,7,29,5,False
20220723,2022-07-23,2022,7,29,6,True
20220724,2022-07-24,2022,7,29,7,True
20220725,2022-07-25,2022,7,30,1,False
20220726,2022-07-26,2022,7,30,2,False
20220727,2022-07-27,2022,7,30,3,False
20220728,2022-07-28,2022,7,30,4,False
20220729,2022-07-29,2022,7,30,5,False
20220730,2022-07-30,2022,7,30,6,True
20220731,2022-07-31,2022,7,30,7,True
20220801,2022-08-01,2022,8,31,1,False
20220802,2022-08-02,2022,8,31,2,False
20220803,2022-08-03,2022,8,31,3,False
20220804,2022-08-04,2022,8,31,4,False
20220805,2022-08-05,2022,8,31,5,False
20220806,2022-08-06,2022,8,31,6,True
20220807,2022-08-07,2022,8,31,7,True
20220808,2022-08-08,2022,8,32,1,False
20220809,2022-08-09,2022,8,32,2,False
20220810,2022-08-10,2022,8,32,3,False
20220811,2022-08-11,2022,8,32,4,False
20220812,2022-08-12,2022,8,32,5,False
20220813,2022-08-13,2022,8,32,6,True
20220814,2022-08-14,2022,8,32,7,True
20220815,2022-08-15,2022,8,33,1,False
20220816,2022-08-16,2022,8,33,2,False
20220817,2022-08-17,2022,8,33,3,False
20220818,2022-08-18,2022,8,33,4,False
20220819,2022-08-19,2022,8,33,5,False
20220820,2022-08-20,2022,8,33,6,True
20220821,2022-08-21,2022,8,33,7,True
20220822,2022-08-22,2022,8,34,1,False
20220823,2022-08-23,2022,8,34,2,False
20220824,2022-08-24,2022,8,34,3,False
20220825,2022-08-25,2022,8,34,4,False
20220826,2022-08-26,2022,8,34,5,False
20220827,2022-08-27,2022,8,34,6,True
20220828,2022-08-28,2022,8,34,7,True
20220829,2022-08-29,2022,8,35,1,False
20220830,2022-08-30,2022,8,35,2,False
20220831,2022-08-31,2022,8,35,3,False
20220901,2022-09-01,2022,9,35,4,False
20220902,2022-09-02,2022,9,35,5,False
20220903,2022-09-03,2022,9,35,6,True
20220904,2022-09-04,2022,9,35,7,True
20220905,2022-09-05,2022,9,36,1,False
20220906,2022-09-06,2022,9,36,2,False
20220907,2022-09-07,2022,9,36,3,False
20220908,2022-09-08,2022,9,36,4,False
20220909,2022-09-09,2022,9,36,5,False
20220910,2022-09-10,2022,9,36,6,True
20220911,2022-09-11,2022,9,36,7,True
20220912,2022-09-12,2022,9,37,1,False
20220913,2022-09-13,2022,9,37,2,False
20220914,2022-09-14,2022,9,37,3,False
20220915,2022-09-15,2022,9,37,4,False
20220916,2022-09-16,2022,9,37,5,False
20220917,2022-09-17,2022,9,37,6,True
20220918,2022-09-18,2022,9,37,7,True
20220919,2022-09-19,2022,9,38,1,False
20220920,2022-09-20,2022,9,38,2,False
20220921,2022-09-21,2022,9,38,3,False
20220922,2022-09-22,2022,9,38,4,False
20220923,2022-09-23,2022,9,38,5,False
20220924,2022-09-24,2022,9,38,6,True
20220925,2022-09-25,2022,9,38,7,True
20220926,2022-09-26,2022,9,39,1,False
20220927,2022-09-27,2022,9,39,2,False
20220928,2022-09-28,2022,9,39,3,False
20220929,2022-09-29,2022,9,39,4,False
20220930,2022-09-30,2022,9,39,5,False
20221001,2022-10-01,2022,10,39,6,True
20221002,2022-10-02,2022,10,39,7,True
20221003,2022-10-03,2022,10,40,1,False
20221004,2022-10-04,2022,10,40,2,False
20221005,2022-10-05,2022,10,40,3,False
20221006,2022-10-06,2022,10,40,4,False
20221007,2022-10-07,2022,10,40,5,False
20221008,2022-10-08,2022,10,40,6,True
20221009,2022-10-09,2022,10,40,7,True
20221010,2022-10-10,2022,10,41,1,False
20221011,2022-10-11,2022,10,41,2,False
20221012,2022-10-12,2022,10,41,3,False
20221013,2022-10-13,2022,10,41,4,False
20221014,2022-10-14,2022,10,41,5,False
20221015,2022-10-15,2022,10,41,6,True
20221016,2022-10-16,2022,10,41,7,True
20221017,2022-10-17,2022,10,42,1,False
20221018,2022-10-18,2022,10,42,2,False
20221019,2022-10-19,2022,10,42,3,False
20221020,2022-10-20,2022,10,42,4,False
20221021,2022-10-21,2022,10,42,5,False
20221022,2022-10-22,2022,10,42,6,True
20221023,2022-10-23,2022,10,42,7,True
20221024,2022-10-24,2022,10,43,1,False
20221025,2022-10-25,2022,10,43,2,False
20221026,2022-10-26,2022,10,43,3,False
20221027,2022-10-27,2022,10,43,4,False
20221028,2022-10-28,2022,10,43,5,False
20221029,2022-10-29,2022,10,43,6,True
20221030,2022-10-30,2022,10,43,7,True
20221031,2022-10-31,2022,10,44,1,False
20221101,2022-11-01,2022,11,44,2,False
20221102,2022-11-02,2022,11,44,3,False
20221103,2022-11-03,2022,11,44,4,False
20221104,2022-11-04,2022,11,44,5,False
20221105,2022-11-05,2022,11,44,6,True
20221106,2022-11-06,2022,11,44,7,True
20221107,2022-11-07,2022,11,45,1,False
20221108,2022-11-08,2022,11,45,2,False
20221109,2022-11-09,2022,11,45,3,False
20221110,2022-11-10,2022,11,45,4,False
20221111,2022-11-11,2022,11,45,5,False
20221112,2022-11-12,2022,11,45,6,True
20221113,2022-11-13,2022,11,45,7,True
20221114,2022-11-14,2022,11,46,1,False
20221115,2022-11-15,2022,11,46,2,False
20221116,2022-11-16,2022,11,46,3,False
20221117,2022-11-17,2022,11,46,4,False
20221118,2022-11-18,2022,11,46,5,False
20221119,2022-11-19,2022,11,46,6,True
20221120,2022-11-20,2022,11,46,7,True
20221121,2022-11-21,2022,11,47,1,False
20221122,2022-11-22,2022,11,47,2,False
20221123,2022-11-23,2022,11,47,3,False
20221124,2022-11-24,2022,11,47,4,False
20221125,2022-11-25,2022,11,47,5,False
20221126,2022-11-26,2022,11,47,6,True
20221127,2022-11-27,2022,11,47,7,True
20221128,2022-11-28,2022,11,48,1,False
20221129,2022-11-29,2022,11,48,2,False
20221130,2022-11-30,2022,11,48,3,False
20221201,2022-12-01,2022,12,48,4,False
20221202,2022-12-02,2022,12,48,5,False
20221203,2022-12-03,2022,12,48,6,True
20221204,2022-12-04,2022,12,48,7,True
20221205,2022-12-05,2022,12,49,1,False
20221206,2022-12-06,2022,12,49,2,False
20221207,2022-12-07,2022,12,49,3,False
20221208,2022-12-08,2022,12,49,4,False
20221209,2022-12-09,2022,12,49,5,False
20221210,2022-12-10,2022,12,49,6,True
20221211,2022-12-11,2022,12,49,7,True
20221212,2022-12-12,2022,12,50,1,False
20221213,2022-12-13,2022,12,50,2,False
20221214,2022-12-14,2022,12,50,3,False
20221215,2022-12-15,2022,12,50,4,False
20221216,2022-12-16,2022,12,50,5,False
20221217,2022-12-17,2022,12,50,6,True
20221218,2022-12-18,2022,12,50,7,True
20221219,2022-12-19,2022,12,51,1,False
20221220,2022-12-20,2022,12,51,2,False
20221221,2022-12-21,2022,12,51,3,False
20221222,2022-12-22,2022,12,51,4,False
20221223,2022-12-23,2022,12,51,5,False
20221224,2022-12-24,2022,12,51,6,True
20221225,2022-12-25,2022,12,51,7,True
20221226,2022-12-26,2022,12,52,1,False
20221227,2022-12-27,2022,12,52,2,False
20221228,2022-12-28,2022,12,52,3,False
20221229,2022-12-29,2022,12,52,4,False
20221230,2022-12-30,2022,12,52,5,False
20221231,2022-12-31,2022,12,52,6,True
20230101,2023-01-01,2023,1,52,7,True
20230102,2023-01-02,2023,1,1,1,False
20230103,2023-01-03,2023,1,1,2,False
20230104,2023-01-04,2023,1,1,3,False
20230105,2023-01-05,2023,1,1,4,False
20230106,2023-01-06,2023,1,1,5,False
20230107,2023-01-07,2023,1,1,6,True
20230108,2023-01-08,2023,1,1,7,True
20230109,2023-01-09,2023,1,2,1,False
20230110,2023-01-10,2023,1,2,2,False
20230111,2023-01-11,2023,1,2,3,False
20230112,2023-01-12,2023,1,2,4,False
20230113,2023-01-13,2023,1,2,5,False
20230114,2023-01-14,2023,1,2,6,True
20230115,2023-01-15,2023,1,2,7,True
20230116,2023-01-16,2023,1,3,1,False
20230117,2023-01-17,2023,1,3,2,False
20230118,2023-01-18,2023,1,3,3,False
20230119,2023-01-19,2023,1,3,4,False
20230120,2023-01-20,2023,1,3,5,False
20230121,2023-01-21,2023,1,3,6,True
20230122,2023-01-22,2023,1,3,7,True
20230123,2023-01-23,2023,1,4,1,False
20230124,2023-01-24,2023,1,4,2,False
20230125,2023-01-25,2023,1,4,3,False
20230126,2023-01-26,2023,1,4,4,False
20230127,2023-01-27,2023,1,4,5,False
20230128,2023-01-28,2023,1,4,6,True
20230129,2023-01-29,2023,1,4,7,True
20230130,2023-01-30,2023,1,5,1,False
20230131,2023-01-31,2023,1,5,2,False
20230201,2023-02-01,2023,2,5,3,False
20230202,2023-02-02,2023,2,5,4,False
20230203,2023-02-03,2023,2,5,5,False
20230204,2023-02-04,2023,2,5,6,True
20230205,2023-02-05,2023,2,5,7,True
20230206,2023-02-06,2023,2,6,1,False
20230207,2023-02-07,2023,2,6,2,False
20230208,2023-02-08,2023,2,6,3,False
20230209,2023-02-09,2023,2,6,4,False
20230210,2023-02-10,2023,2,6,5,False
20230211,2023-02-11,2023,2,6,6,True
20230212,2023-02-12,2023,2,6,7,True
20230213,2023-02-13,2023,2,7,1,False
20230214,2023-02-14,2023,2,7,2,False
20230215,2023-02-15,2023,2,7,3,False
20230216,2023-02-16,2023,2,7,4,False
20230217,2023-02-17,2023,2,7,5,False
20230218,2023-02-18,2023,2,7,6,True
20230219,2023-02-19,2023,2,7,7,True
20230220,2023-02-20,2023,2,8,1,False
20230221,2023-02-21,2023,2,8,2,False
20230222,2023-02-22,2023,2,8,3,False
20230223,2023-02-23,2023,2,8,4,False
20230224,2023-02-24,2023,2,8,5,False
20230225,2023-02-25,2023,2,8,6,True
20230226,2023-02-26,2023,2,8,7,True
20230227,2023-02-27,2023,2,9,1,False
20230228,2023-02-28,2023,2,9,2,False
20230301,2023-03-01,2023,3,9,3,False
20230302,2023-03-02,2023,3,9,4,False
20230303,2023-03-03,2023,3,9,5,False
20230304,2023-03-04,2023,3,9,6,True
20230305,2023-03-05,2023,3,9,7,True
20230306,2023-03-06,2023,3,10,1,False
20230307,2023-03-07,2023,3,10,2,False
20230308,2023-03-08,2023,3,10,3,False
20230309,2023-03-09,2023,3,10,4,False
20230310,2023-03-10,2023,3,10,5,False
20230311,2023-03-11,2023,3,10,6,True
20230312,2023-03-12,2023,3,10,7,True
20230313,2023-03-13,2023,3,11,1,False
20230314,2023-03-14,2023,3,11,2,False
20230315,2023-03-15,2023,3,11,3,False
20230316,2023-03-16,2023,3,11,4,False
20230317,2023-03-17,2023,3,11,5,False
20230318,2023-03-18,2023,3,11,6,True
20230319,2023-03-19,2023,3,11,7,True
20230320,2023-03-20,2023,3,12,1,False
20230321,2023-03-21,2023,3,12,2,False
20230322,2023-03-22,2023,3,12,3,False
20230323,2023-03-23,2023,3,12,4,False
20230324,2023-03-24,2023,3,12,5,False
20230325,2023-03-25,2023,3,12,6,True
20230326,2023-03-26,2023,3,12,7,True
20230327,2023-03-27,2023,3,13,1,False
20230328,2023-03-28,2023,3,13,2,False
20230329,2023-03-29,2023,3,13,3,False
20230330,2023-03-30,2023,3,13,4,False
20230331,2023-03-31,2023,3,13,5,False
20230401,2023-04-01,2023,4,13,6,True
20230402,2023-04-02,2023,4,13,7,True
20230403,2023-04-03,2023,4,14,1,False
20230404,2023-04-04,2023,4,14,2,False
20230405,2023-04-05,2023,4,14,3,False
20230406,2023-04-06,2023,4,14,4,False
20230407,2023-04-07,2023,4,14,5,False
20230408,2023-04-08,2023,4,14,6,True
20230409,2023-04-09,2023,4,14,7,True
20230410,2023-04-10,2023,4,15,1,False
20230411,2023-04-11,2023,4,15,2,False
20230412,2023-04-12,2023,4,15,3,False
20230413,2023-04-13,2023,4,15,4,False
20230414,2023-04-14,2023,4,15,5,False
20230415,2023-04-15,2023,4,15,6,True
20230416,2023-04-16,2023,4,15,7,True
20230417,2023-04-17,2023,4,16,1,False
20230418,2023-04-18,2023,4,16,2,False
20230419,2023-04-19,2023,4,16,3,False
20230420,2023-04-20,2023,4,16,4,False
20230421,2023-04-21,2023,4,16,5,False
20230422,2023-04-22,2023,4,16,6,True
20230423,2023-04-23,2023,4,16,7,True
20230424,2023-04-24,2023,4,17,1,False
20230425,2023-04-25,2023,4,17,2,False
20230426,2023-04-26,2023,4,17,3,False
20230427,2023-04-27,2023,4,17,4,False
20230428,2023-04-28,2023,4,17,5,False
20230429,2023-04-29,2023,4,17,6,True
20230430,2023-04-30,2023,4,17,7,True
20230501,2023-05-01,2023,5,18,1,False
20230502,2023-05-02,2023,5,18,2,False
20230503,2023-05-03,2023,5,18,3,False
20230504,2023-05-04,2023,5,18,4,False
20230505,2023-05-05,2023,5,18,5,False
20230506,2023-05-06,2023,5,18,6,True
20230507,2023-05-07,2023,5,18,7,True
20230508,2023-05-08,2023,5,19,1,False
20230509,2023-05-09,2023,5,19,2,False
20230510,2023-05-10,2023,5,19,3,False
20230511,2023-05-11,2023,5,19,4,False
20230512,2023-05-12,2023,5,19,5,False
20230513,2023-05-13,2023,5,19,6,True
20230514,2023-05-14,2023,5,19,7,True
20230515,2023-05-15,2023,5,20,1,False
20230516,2023-05-16,2023,5,20,2,False
20230517,2023-05-17,2023,5,20,3,False
20230518,2023-05-18,2023,5,20,4,False
20230519,2023-05-19,2023,5,20,5,False
20230520,2023-05-20,2023,5,20,6,True
20230521,2023-05-21,2023,5,20,7,True
20230522,2023-05-22,2023,5,21,1,False
20230523,2023-05-23,2023,5,21,2,False
20230524,2023-05-24,2023,5,21,3,False
20230525,2023-05-25,2023,5,21,4,False
20230526,2023-05-26,2023,5,21,5,False
20230527,2023-05-27,2023,5,21,6,True
20230528,2023-05-28,2023,5,21,7,True
20230529,2023-05-29,2023,5,22,1,False
20230530,2023-05-30,2023,5,22,2,False
20230531,2023-05-31,2023,5,22,3,False
20230601,2023-06-01,2023,6,22,4,False
20230602,2023-06-02,2023,6,22,5,False
20230603,2023-06-03,2023,6,22,6,True
20230604,2023-06-04,2023,6,22,7,True
20230605,2023-06-05,2023,6,23,1,False
20230606,2023-06-06,2023,6,23,2,False
20230607,2023-06-07,2023,6,23,3,False
20230608,2023-06-08,2023,6,23,4,False
20230609,2023-06-09,2023,6,23,5,False
20230610,2023-06-10,2023,6,23,6,True
20230611,2023-06-11,2023,6,23,7,True
20230612,2023-06-12,2023,6,24,1,False
20230613,2023-06-13,2023,6,24,2,False
20230614,2023-06-14,2023,6,24,3,False
20230615,2023-06-15,2023,6,24,4,False
20230616,2023-06-16,2023,6,24,5,False
20230617,2023-06-17,2023,6,24,6,True
20230618,2023-06-18,2023,6,24,7,True
20230619,2023-06-19,2023,6,25,1,False
20230620,2023-06-20,2023,6,25,2,False
20230621,2023-06-21,2023,6,25,3,False
20230622,2023-06-22,2023,6,25,4,False
20230623,2023-06-23,2023,6,25,5,False
20230624,2023-06-24,2023,6,25,6,True
20230625,2023-06-25,2023,6,25,7,True
20230626,2023-06-26,2023,6,26,1,False
20230627,2023-06-27,2023,6,26,2,False
20230628,2023-06-28,2023,6,26,3,False
20230629,2023-06-29,2023,6,26,4,False
20230630,2023-06-30,2023,6,26,5,False
20230701,2023-07-01,2023,7,26,6,True
20230702,2023-07-02,2023,7,26,7,True
20230703,2023-07-03,2023,7,27,1,False
20230704,2023-07-04,2023,7,27,2,False
20230705,2023-07-05,2023,7,27,3,False
20230706,2023-07-06,2023,7,27,4,False
20230707,2023-07-07,2023,7,27,5,False
20230708,2023-07-08,2023,7,27,6,True
20230709,2023-07-09,2023,7,27,7,True
20230710,2023-07-10,2023,7,28,1,False
20230711,2023-07-11,2023,7,28,2,False
20230712,2023-07-12,2023,7,28,3,False
20230713,2023-07-13,2023,7,28,4,False
20230714,2023-07-14,2023,7,28,5,False
20230715,2023-07-15,2023,7,28,6,True
20230716,2023-07-16,2023,7,28,7,True
20230717,2023-07-17,2023,7,29,1,False
20230718,2023-07-18,2023,7,29,2,False
20230719,2023-07-19,2023,7,29,3,False
20230720,2023-07-20,2023,7,29,4,False
20230721,2023-07-21,2023,7,29,5,False
20230722,2023-07-22,2023,7,29,6,True
20230723,2023-07-23,2023,7,29,7,True
20230724,2023-07-24,2023,7,30,1,False
20230725,2023-07-25,2023,7,30,2,False
20230726,2023-07-26,2023,7,30,3,False
20230727,2023-07-27,2023,7,30,4,False
20230728,2023-07-28,2023,7,30,5,False
20230729,2023-07-29,2023,7,30,6,True
20230730,2023-07-30,2023,7,30,7,True
20230731,2023-07-31,2023,7,31,1,False
20230801,2023-08-01,2023,8,31,2,False
20230802,2023-08-02,2023,8,31,3,False
20230803,2023-08-03,2023,8,31,4,False
20230804,2023-08-04,2023,8,31,5,False
20230805,2023-08-05,2023,8,31,6,True
20230806,2023-08-06,2023,8,31,7,True
20230807,2023-08-07,2023,8,32,1,False
20230808,2023-08-08,2023,8,32,2,False
20230809,2023-08-09,2023,8,32,3,False
20230810,2023-08-10,2023,8,32,4,False
20230811,2023-08-11,2023,8,32,5,False
20230812,2023-08-12,2023,8,32,6,True
20230813,2023-08-13,2023,8,32,7,True
20230814,2023-08-14,2023,8,33,1,False
20230815,2023-08-15,2023,8,33,2,False
20230816,2023-08-16,2023,8,33,3,False
20230817,2023-08-17,2023,8,33,4,False
20230818,2023-08-18,2023,8,33,5,False
20230819,2023-08-19,2023,8,33,6,True
20230820,2023-08-20,2023,8,33,7,True
20230821,2023-08-21,2023,8,34,1,False
20230822,2023-08-22,2023,8,34,2,False
20230823,2023-08-23,2023,8,34,3,False
20230824,2023-08-24,2023,8,34,4,False
20230825,2023-08-25,2023,8,34,5,False
20230826,2023-08-26,2023,8,34,6,True
20230827,2023-08-27,2023,8,34,7,True
20230828,2023-08-28,2023,8,35,1,False
20230829,2023-08-29,2023,8,35,2,False
20230830,2023-08-30,2023,8,35,3,False
20230831,2023-08-31,2023,8,35,4,False
20230901,2023-09-01,2023,9,35,5,False
20230902,2023-09-02,2023,9,35,6,True
20230903,2023-09-03,2023,9,35,7,True
20230904,2023-09-04,2023,9,36,1,False
20230905,2023-09-05,2023,9,36,2,False
20230906,2023-09-06,2023,9,36,3,False
20230907,2023-09-07,2023,9,36,4,False
20230908,2023-09-08,2023,9,36,5,False
20230909,2023-09-09,2023,9,36,6,True
20230910,2023-09-10,2023,9,36,7,True
20230911,2023-09-11,2023,9,37,1,False
20230912,2023-09-12,2023,9,37,2,False
20230913,2023-09-13,2023,9,37,3,False
20230914,2023-09-14,2023,9,37,4,False
20230915,2023-09-15,2023,9,37,5,False
20230916,2023-09-16,2023,9,37,6,True
20230917,2023-09-17,2023,9,37,7,True
20230918,2023-09-18,2023,9,38,1,False
20230919,2023-09-19,2023,9,38,2,False
20230920,2023-09-20,2023,9,38,3,False
20230921,2023-09-21,2023,9,38,4,False
20230922,2023-09-22,2023,9,38,5,False
20230923,2023-09-23,2023,9,38,6,True
20230924,2023-09-24,2023,9,38,7,True
20230925,2023-09-25,2023,9,39,1,False
20230926,2023-09-26,2023,9,39,2,False
20230927,2023-09-27,2023,9,39,3,False
20230928,2023-09-28,2023,9,39,4,False
20230929,2023-09-29,2023,9,39,5,False
20230930,2023-09-30,2023,9,39,6,True
20231001,2023-10-01,2023,10,39,7,True
20231002,2023-10-02,2023,10,40,1,False
20231003,2023-10-03,2023,10,40,2,False
20231004,2023-10-04,2023,10,40,3,False
20231005,2023-10-05,2023,10,40,4,False
20231006,2023-10-06,2023,10,40,5,False
20231007,2023-10-07,2023,10,40,6,True
20231008,2023-10-08,2023,10,40,7,True
20231009,2023-10-09,2023,10,41,1,False
20231010,2023-10-10,2023,10,41,2,False
20231011,2023-10-11,2023,10,41,3,False
20231012,2023-10-12,2023,10,41,4,False
20231013,2023-10-13,2023,10,41,5,False
20231014,2023-10-14,2023,10,41,6,True
20231015,2023-10-15,2023,10,41,7,True
20231016,2023-10-16,2023,10,42,1,False
20231017,2023-10-17,2023,10,42,2,False
20231018,2023-10-18,2023,10,42,3,False
20231019,2023-10-19,2023,10,42,4,False
20231020,2023-10-20,2023,10,42,5,False
20231021,2023-10-21,2023,10,42,6,True
20231022,2023-10-22,2023,10,42,7,True
20231023,2023-10-23,2023,10,43,1,False
20231024,2023-10-24,2023,10,43,2,False
20231025,2023-10-25,2023,10,43,3,False
20231026,2023-10-26,2023,10,43,4,False
20231027,2023-10-27,2023,10,43,5,False
20231028,2023-10-28,2023,10,43,6,True
20231029,2023-10-29,2023,10,43,7,True
20231030,2023-10-30,2023,10,44,1,False
20231031,2023-10-31,2023,10,44,2,False
20231101,2023-11-01,2023,11,44,3,False
20231102,2023-11-02,2023,11,44,4,False
20231103,2023-11-03,2023,11,44,5,False
20231104,2023-11-04,2023,11,44,6,True
20231105,2023-11-05,2023,11,44,7,True
20231106,2023-11-06,2023,11,45,1,False
20231107,2023-11-07,2023,11,45,2,False
20231108,2023-11-08,2023,11,45,3,False
20231109,2023-11-09,2023,11,45,4,False
20231110,2023-11-10,2023,11,45,5,False
20231111,2023-11-11,2023,11,45,6,True
20231112,2023-11-12,2023,11,45,7,True
20231113,2023-11-13,2023,11,46,1,False
20231114,2023-11-14,2023,11,46,2,False
20231115,2023-11-15,2023,11,46,3,False
20231116,2023-11-16,2023,11,46,4,False
20231117,2023-11-17,2023,11,46,5,False
20231118,2023-11-18,2023,11,46,6,True
20231119,2023-11-19,2023,11,46,7,True
20231120,2023-11-20,2023,11,47,1,False
20231121,2023-11-21,2023,11,47,2,False
20231122,2023-11-22,2023,11,47,3,False
20231123,2023-11-23,2023,11,47,4,False
20231124,2023-11-24,2023,11,47,5,False
20231125,2023-11-25,2023,11,47,6,True
20231126,2023-11-26,2023,11,47,7,True
20231127,2023-11-27,2023,11,48,1,False
20231128,2023-11-28,2023,11,48,2,False
20231129,2023-11-29,2023,11,48,3,False
20231130,2023-11-30,2023,11,48,4,False
20231201,2023-12-01,2023,12,48,5,False
20231202,2023-12-02,2023,12,48,6,True
20231203,2023-12-03,2023,12,48,7,True
20231204,2023-12-04,2023,12,49,1,False
20231205,2023-12-05,2023,12,49,2,False
20231206,2023-12-06,2023,12,49,3,False
20231207,2023-12-07,2023,12,49,4,False
20231208,2023-12-08,2023,12,49,5,False
20231209,2023-12-09,2023,12,49,6,True
20231210,2023-12-10,2023,12,49,7,True
20231211,2023-12-11,2023,12,50,1,False
20231212,2023-12-12,2023,12,50,2,False
20231213,2023-12-13,2023,12,50,3,False
20231214,2023-12-14,2023,12,50,4,False
20231215,2023-12-15,2023,12,50,5,False
20231216,2023-12-16,2023,12,50,6,True
20231217,2023-12-17,2023,12,50,7,True
20231218,2023-12-18,2023,12,51,1,False
20231219,2023-12-19,2023,12,51,2,False
20231220,2023-12-20,2023,12,51,3,False
20231221,2023-12-21,2023,12,51,4,False
20231222,2023-12-22,2023,12,51,5,False
20231223,2023-12-23,2023,12,51,6,True
20231224,2023-12-24,2023,12,51,7,True
20231225,2023-12-25,2023,12,52,1,False
20231226,2023-12-26,2023,12,52,2,False
20231227,2023-12-27,2023,12,52,3,False
20231228,2023-12-28,2023,12,52,4,False
20231229,2023-12-29,2023,12,52,5,False
20231230,2023-12-30,2023,12,52,6,True
20231231,2023-12-31,2023,12,52,7,True
20240101,2024-01-01,2024,1,1,1,False
20240102,2024-01-02,2024,1,1,2,False
20240103,2024-01-03,2024,1,1,3,False
20240104,2024-01-04,2024,1,1,4,False
20240105,2024-01-05,2024,1,1,5,False
20240106,2024-01-06,2024,1,1,6,True
20240107,2024-01-07,2024,1,1,7,True
20240108,2024-01-08,2024,1,2,1,False
20240109,2024-01-09,2024,1,2,2,False
20240110,2024-01-10,2024,1,2,3,False
20240111,2024-01-11,2024,1,2,4,False
20240112,2024-01-12,2024,1,2,5,False
20240113,2024-01-13,2024,1,2,6,True
20240114,2024-01-14,2024,1,2,7,True
20240115,2024-01-15,2024,1,3,1,False
20240116,2024-01-16,2024,1,3,2,False
20240117,2024-01-17,2024,1,3,3,False
20240118,2024-01-18,2024,1,3,4,False
20240119,2024-01-19,2024,1,3,5,False
20240120,2024-01-20,2024,1,3,6,True
20240121,2024-01-21,2024,1,3,7,True
20240122,2024-01-22,2024,1,4,1,False
20240123,2024-01-23,2024,1,4,2,False
20240124,2024-01-24,2024,1,4,3,False
20240125,2024-01-25,2024,1,4,4,False
20240126,2024-01-26,2024,1,4,5,False
20240127,2024-01-27,2024,1,4,6,True
20240128,2024-01-28,2024,1,4,7,True
20240129,2024-01-29,2024,1,5,1,False
20240130,2024-01-30,2024,1,5,2,False
20240131,2024-01-31,2024,1,5,3,False
20240201,2024-02-01,2024,2,5,4,False
20240202,2024-02-02,2024,2,5,5,False
20240203,2024-02-03,2024,2,5,6,True
20240204,2024-02-04,2024,2,5,7,True
20240205,2024-02-05,2024,2,6,1,False
20240206,2024-02-06,2024,2,6,2,False
20240207,2024-02-07,2024,2,6,3,False
20240208,2024-02-08,2024,2,6,4,False
20240209,2024-02-09,2024,2,6,5,False
20240210,2024-02-10,2024,2,6,6,True
20240211,2024-02-11,2024,2,6,7,True
20240212,2024-02-12,2024,2,7,1,False
20240213,2024-02-13,2024,2,7,2,False
20240214,2024-02-14,2024,2,7,3,False
20240215,2024-02-15,2024,2,7,4,False
20240216,2024-02-16,2024,2,7,5,False
20240217,2024-02-17,2024,2,7,6,True
20240218,2024-02-18,2024,2,7,7,True
20240219,2024-02-19,2024,2,8,1,False
20240220,2024-02-20,2024,2,8,2,False
20240221,2024-02-21,2024,2,8,3,False
20240222,2024-02-22,2024,2,8,4,False
20240223,2024-02-23,2024,2,8,5,False
20240224,2024-02-24,2024,2,8,6,True
20240225,2024-02-25,2024,2,8,7,True
20240226,2024-02-26,2024,2,9,1,False
20240227,2024-02-27,2024,2,9,2,False
20240228,2024-02-28,2024,2,9,3,False
20240229,2024-02-29,2024,2,9,4,False
20240301,2024-03-01,2024,3,9,5,False
20240302,2024-03-02,2024,3,9,6,True
20240303,2024-03-03,2024,3,9,7,True
20240304,2024-03-04,2024,3,10,1,False
20240305,2024-03-05,2024,3,10,2,False
20240306,2024-03-06,2024,3,10,3,False
20240307,2024-03-07,2024,3,10,4,False
20240308,2024-03-08,2024,3,10,5,False
20240309,2024-03-09,2024,3,10,6,True
20240310,2024-03-10,2024,3,10,7,True
20240311,2024-03-11,2024,3,11,1,False
20240312,2024-03-12,2024,3,11,2,False
20240313,2024-03-13,2024,3,11,3,False
20240314,2024-03-14,2024,3,11,4,False
20240315,2024-03-15,2024,3,11,5,False
20240316,2024-03-16,2024,3,11,6,True
20240317,2024-03-17,2024,3,11,7,True
20240318,2024-03-18,2024,3,12,1,False
20240319,2024-03-19,2024,3,12,2,False
20240320,2024-03-20,2024,3,12,3,False
20240321,2024-03-21,2024,3,12,4,False
20240322,2024-03-22,2024,3,12,5,False
20240323,2024-03-23,2024,3,12,6,True
20240324,2024-03-24,2024,3,12,7,True
20240325,2024-03-25,2024,3,13,1,False
20240326,2024-03-26,2024,3,13,2,False
20240327,2024-03-27,2024,3,13,3,False
20240328,2024-03-28,2024,3,13,4,False
20240329,2024-03-29,2024,3,13,5,False
20240330,2024-03-30,2024,3,13,6,True
20240331,2024-03-31,2024,3,13,7,True
20240401,2024-04-01,2024,4,14,1,False
20240402,2024-04-02,2024,4,14,2,False
20240403,2024-04-03,2024,4,14,3,False
20240404,2024-04-04,2024,4,14,4,False
20240405,2024-04-05,2024,4,14,5,False
20240406,2024-04-06,2024,4,14,6,True
20240407,2024-04-07,2024,4,14,7,True
20240408,2024-04-08,2024,4,15,1,False
20240409,2024-04-09,2024,4,15,2,False
20240410,2024-04-10,2024,4,15,3,False
20240411,2024-04-11,2024,4,15,4,False
20240412,2024-04-12,2024,4,15,5,False
20240413,2024-04-13,2024,4,15,6,True
20240414,2024-04-14,2024,4,15,7,True
20240415,2024-04-15,2024,4,16,1,False
20240416,2024-04-16,2024,4,16,2,False
20240417,2024-04-17,2024,4,16,3,False
20240418,2024-04-18,2024,4,16,4,False
20240419,2024-04-19,2024,4,16,5,False
20240420,2024-04-20,2024,4,16,6,True
20240421,2024-04-21,2024,4,16,7,True
20240422,2024-04-22,2024,4,17,1,False
20240423,2024-04-23,2024,4,17,2,False
20240424,2024-04-24,2024,4,17,3,False
20240425,2024-04-25,2024,4,17,4,False
20240426,2024-04-26,2024,4,17,5,False
20240427,2024-04-27,2024,4,17,6,True
20240428,2024-04-28,2024,4,17,7,True
20240429,2024-04-29,2024,4,18,1,False
20240430,2024-04-30,2024,4,18,2,False
20240501,2024-05-01,2024,5,18,3,False
20240502,2024-05-02,2024,5,18,4,False
20240503,2024-05-03,2024,5,18,5,False
20240504,2024-05-04,2024,5,18,6,True
20240505,2024-05-05,2024,5,18,7,True
20240506,2024-05-06,2024,5,19,1,False
20240507,2024-05-07,2024,5,19,2,False
20240508,2024-05-08,2024,5,19,3,False
20240509,2024-05-09,2024,5,19,4,False
20240510,2024-05-10,2024,5,19,5,False
20240511,2024-05-11,2024,5,19,6,True
20240512,2024-05-12,2024,5,19,7,True
20240513,2024-05-13,2024,5,20,1,False
20240514,2024-05-14,2024,5,20,2,False
20240515,2024-05-15,2024,5,20,3,False
20240516,2024-05-16,2024,5,20,4,False
20240517,2024-05-17,2024,5,20,5,False
20240518,2024-05-18,2024,5,20,6,True
20240519,2024-05-19,2024,5,20,7,True
20240520,2024-05-20,2024,5,21,1,False
20240521,2024-05-21,2024,5,21,2,False
20240522,2024-05-22,2024,5,21,3,False
20240523,2024-05-23,2024,5,21,4,False
20240524,2024-05-24,2024,5,21,5,False
20240525,2024-05-25,2024,5,21,6,True
20240526,2024-05-26,2024,5,21,7,True
20240527,2024-05-27,2024,5,22,1,False
20240528,2024-05-28,2024,5,22,2,False
20240529,2024-05-29,2024,5,22,3,False
20240530,2024-05-30,2024,5,22,4,False
20240531,2024-05-31,2024,5,22,5,False
20240601,2024-06-01,2024,6,22,6,True
20240602,2024-06-02,2024,6,22,7,True
20240603,2024-06-03,2024,6,23,1,False
20240604,2024-06-04,2024,6,23,2,False
20240605,2024-06-05,2024,6,23,3,False
20240606,2024-06-06,2024,6,23,4,False
20240607,2024-06-07,2024,6,23,5,False
20240608,2024-06-08,2024,6,23,6,True
20240609,2024-06-09,2024,6,23,7,True
20240610,2024-06-10,2024,6,24,1,False
20240611,2024-06-11,2024,6,24,2,False
20240612,2024-06-12,2024,6,24,3,False
20240613,2024-06-13,2024,6,24,4,False
20240614,2024-06-14,2024,6,24,5,False
20240615,2024-06-15,2024,6,24,6,True
20240616,2024-06-16,2024,6,24,7,True
20240617,2024-06-17,2024,6,25,1,False
20240618,2024-06-18,2024,6,25,2,False
20240619,2024-06-19,2024,6,25,3,False
20240620,2024-06-20,2024,6,25,4,False
20240621,2024-06-21,2024,6,25,5,False
20240622,2024-06-22,2024,6,25,6,True
20240623,2024-06-23,2024,6,25,7,True
20240624,2024-06-24,2024,6,26,1,False
20240625,2024-06-25,2024,6,26,2,False
20240626,2024-06-26,2024,6,26,3,False
20240627,2024-06-27,2024,6,26,4,False
20240628,2024-06-28,2024,6,26,5,False
20240629,2024-06-29,2024,6,26,6,True
20240630,2024-06-30,2024,6,26,7,True
20240701,2024-07-01,2024,7,27,1,False
20240702,2024-07-02,2024,7,27,2,False
20240703,2024-07-03,2024,7,27,3,False
20240704,2024-07-04,2024,7,27,4,False
20240705,2024-07-05,2024,7,27,5,False
20240706,2024-07-06,2024,7,27,6,True
20240707,2024-07-07,2024,7,27,7,True
20240708,2024-07-08,2024,7,28,1,False
20240709,2024-07-09,2024,7,28,2,False
20240710,2024-07-10,2024,7,28,3,False
20240711,2024-07-11,2024,7,28,4,False
20240712,2024-07-12,2024,7,28,5,False
20240713,2024-07-13,2024,7,28,6,True
20240714,2024-07-14,2024,7,28,7,True
20240715,2024-07-15,2024,7,29,1,False
20240716,2024-07-16,2024,7,29,2,False
20240717,2024-07-17,2024,7,29,3,False
20240718,2024-07-18,2024,7,29,4,False
20240719,2024-07-19,2024,7,29,5,False
20240720,2024-07-20,2024,7,29,6,True
20240721,2024-07-21,2024,7,29,7,True
20240722,2024-07-22,2024,7,30,1,False
20240723,2024-07-23,2024,7,30,2,False
20240724,2024-07-24,2024,7,30,3,False
20240725,2024-07-25,2024,7,30,4,False
20240726,2024-07-26,2024,7,30,5,False
20240727,2024-07-27,2024,7,30,6,True
20240728,2024-07-28,2024,7,30,7,True
20240729,2024-07-29,2024,7,31,1,False
20240730,2024-07-30,2024,7,31,2,False
20240731,2024-07-31,2024,7,31,3,False
20240801,2024-08-01,2024,8,31,4,False
20240802,2024-08-02,2024,8,31,5,False
20240803,2024-08-03,2024,8,31,6,True
20240804,2024-08-04,2024,8,31,7,True
20240805,2024-08-05,2024,8,32,1,False
20240806,2024-08-06,2024,8,32,2,False
20240807,2024-08-07,2024,8,32,3,False
20240808,2024-08-08,2024,8,32,4,False
20240809,2024-08-09,2024,8,32,5,False
20240810,2024-08-10,2024,8,32,6,True
20240811,2024-08-11,2024,8,32,7,True
20240812,2024-08-12,2024,8,33,1,False
20240813,2024-08-13,2024,8,33,2,False
20240814,2024-08-14,2024,8,33,3,False
20240815,2024-08-15,2024,8,33,4,False
20240816,2024-08-16,2024,8,33,5,False
20240817,2024-08-17,2024,8,33,6,True
20240818,2024-08-18,2024,8,33,7,True
20240819,2024-08-19,2024,8,34,1,False
20240820,2024-08-20,2024,8,34,2,False
20240821,2024-08-21,2024,8,34,3,False
20240822,2024-08-22,2024,8,34,4,False
20240823,2024-08-23,2024,8,34,5,False
20240824,2024-08-24,2024,8,34,6,True
20240825,2024-08-25,2024,8,34,7,True
20240826,2024-08-26,2024,8,35,1,False
20240827,2024-08-27,2024,8,35,2,False
20240828,2024-08-28,2024,8,35,3,False
20240829,2024-08-29,2024,8,35,4,False
20240830,2024-08-30,2024,8,35,5,False
20240831,2024-08-31,2024,8,35,6,True
20240901,2024-09-01,2024,9,35,7,True
20240902,2024-09-02,2024,9,36,1,False
20240903,2024-09-03,2024,9,36,2,False
20240904,2024-09-04,2024,9,36,3,False
20240905,2024-09-05,2024,9,36,4,False
20240906,2024-09-06,2024,9,36,5,False
20240907,2024-09-07,2024,9,36,6,True
20240908,2024-09-08,2024,9,36,7,True
20240909,2024-09-09,2024,9,37,1,False
20240910,2024-09-10,2024,9,37,2,False
20240911,2024-09-11,2024,9,37,3,False
20240912,2024-09-12,2024,9,37,4,False
20240913,2024-09-13,2024,9,37,5,False
20240914,2024-09-14,2024,9,37,6,True
20240915,2024-09-15,2024,9,37,7,True
20240916,2024-09-16,2024,9,38,1,False
20240917,2024-09-17,2024,9,38,2,False
20240918,2024-09-18,2024,9,38,3,False
20240919,2024-09-19,2024,9,38,4,False
20240920,2024-09-20,2024,9,38,5,False
20240921,2024-09-21,2024,9,38,6,True
20240922,2024-09-22,2024,9,38,7,True
20240923,2024-09-23,2024,9,39,1,False
20240924,2024-09-24,2024,9,39,2,False
20240925,2024-09-25,2024,9,39,3,False
20240926,2024-09-26,2024,9,39,4,False
20240927,2024-09-27,2024,9,39,5,False
20240928,2024-09-28,2024,9,39,6,True
20240929,2024-09-29,2024,9,39,7,True
20240930,2024-09-30,2024,9,40,1,False
20241001,2024-10-01,2024,10,40,2,False
20241002,2024-10-02,2024,10,40,3,False
20241003,2024-10-03,2024,10,40,4,False
20241004,2024-10-04,2024,10,40,5,False
20241005,2024-10-05,2024,10,40,6,True
20241006,2024-10-06,2024,10,40,7,True
20241007,2024-10-07,2024,10,41,1,False
20241008,2024-10-08,2024,10,41,2,False
20241009,2024-10-09,2024,10,41,3,False
20241010,2024-10-10,2024,10,41,4,False
20241011,2024-10-11,2024,10,41,5,False
20241012,2024-10-12,2024,10,41,6,True
20241013,2024-10-13,2024,10,41,7,True
20241014,2024-10-14,2024,10,42,1,False
20241015,2024-10-15,2024,10,42,2,False
20241016,2024-10-16,2024,10,42,3,False
20241017,2024-10-17,2024,10,42,4,False
20241018,2024-10-18,2024,10,42,5,False
20241019,2024-10-19,2024,10,42,6,True
20241020,2024-10-20,2024,10,42,7,True
20241021,2024-10-21,2024,10,43,1,False
20241022,2024-10-22,2024,10,43,2,False
20241023,2024-10-23,2024,10,43,3,False
20241024,2024-10-24,2024,10,43,4,False
20241025,2024-10-25,2024,10,43,5,False
20241026,2024-10-26,2024,10,43,6,True
20241027,2024-10-27,2024,10,43,7,True
20241028,2024-10-28,2024,10,44,1,False
20241029,2024-10-29,2024,10,44,2,False
20241030,2024-10-30,2024,10,44,3,False
20241031,2024-10-31,2024,10,44,4,False
20241101,2024-11-01,2024,11,44,5,False
20241102,2024-11-02,2024,11,44,6,True
20241103,2024-11-03,2024,11,44,7,True
20241104,2024-11-04,2024,11,45,1,False
20241105,2024-11-05,2024,11,45,2,False
20241106,2024-11-06,2024,11,45,3,False
20241107,2024-11-07,2024,11,45,4,False
20241108,2024-11-08,2024,11,45,5,False
20241109,2024-11-09,2024,11,45,6,True
20241110,2024-11-10,2024,11,45,7,True
20241111,2024-11-11,2024,11,46,1,False
20241112,2024-11-12,2024,11,46,2,False
20241113,2024-11-13,2024,11,46,3,False
20241114,2024-11-14,2024,11,46,4,False
20241115,2024-11-15,2024,11,46,5,False
20241116,2024-11-16,2024,11,46,6,True
20241117,2024-11-17,2024,11,46,7,True
20241118,2024-11-18,2024,11,47,1,False
20241119,2024-11-19,2024,11,47,2,False
20241120,2024-11-20,2024,11,47,3,False
20241121,2024-11-21,2024,11,47,4,False
20241122,2024-11-22,2024,11,47,5,False
20241123,2024-11-23,2024,11,47,6,True
20241124,2024-11-24,2024,11,47,7,True
20241125,2024-11-25,2024,11,48,1,False
20241126,2024-11-26,2024,11,48,2,False
20241127,2024-11-27,2024,11,48,3,False
20241128,2024-11-28,2024,11,48,4,False
20241129,2024-11-29,2024,11,48,5,False
20241130,2024-11-30,2024,11,48,6,True
20241201,2024-12-01,2024,12,48,7,True
20241202,2024-12-02,2024,12,49,1,False
20241203,2024-12-03,2024,12,49,2,False
20241204,2024-12-04,2024,12,49,3,False
20241205,2024-12-05,2024,12,49,4,False
20241206,2024-12-06,2024,12,49,5,False
20241207,2024-12-07,2024,12,49,6,True
20241208,2024-12-08,2024,12,49,7,True
20241209,2024-12-09,2024,12,50,1,False
20241210,2024-12-10,2024,12,50,2,False
20241211,2024-12-11,2024,12,50,3,False
20241212,2024-12-12,2024,12,50,4,False
20241213,2024-12-13,2024,12,50,5,False
20241214,2024-12-14,2024,12,50,6,True
20241215,2024-12-15,2024,12,50,7,True
20241216,2024-12-16,2024,12,51,1,False
20241217,2024-12-17,2024,12,51,2,False
20241218,2024-12-18,2024,12,51,3,False
20241219,2024-12-19,2024,12,51,4,False
20241220,2024-12-20,2024,12,51,5,False
20241221,2024-12-21,2024,12,51,6,True
20241222,2024-12-22,2024,12,51,7,True
20241223,2024-12-23,2024,12,52,1,False
20241224,2024-12-24,2024,12,52,2,False
20241225,2024-12-25,2024,12,52,3,False
20241226,2024-12-26,2024,12,52,4,False
20241227,2024-12-27,2024,12,52,5,False
20241228,2024-12-28,2024,12,52,6,True
20241229,2024-12-29,2024,12,52,7,True
20241230,2024-12-30,2024,12,1,1,False
20241231,2024-12-31,2024,12,1,2,False
20250101,2025-01-01,2025,1,1,3,False
20250102,2025-01-02,2025,1,1,4,False
20250103,2025-01-03,2025,1,1,5,False
20250104,2025-01-04,2025,1,1,6,True
20250105,2025-01-05,2025,1,1,7,True
20250106,2025-01-06,2025,1,2,1,False
20250107,2025-01-07,2025,1,2,2,False
20250108,2025-01-08,2025,1,2,3,False
20250109,2025-01-09,2025,1,2,4,False
20250110,2025-01-10,2025,1,2,5,False
20250111,2025-01-11,2025,1,2,6,True
20250112,2025-01-12,2025,1,2,7,True
20250113,2025-01-13,2025,1,3,1,False
20250114,2025-01-14,2025,1,3,2,False
20250115,2025-01-15,2025,1,3,3,False
20250116,2025-01-16,2025,1,3,4,False
20250117,2025-01-17,2025,1,3,5,False
20250118,2025-01-18,2025,1,3,6,True
20250119,2025-01-19,2025,1,3,7,True
20250120,2025-01-20,2025,1,4,1,False
20250121,2025-01-21,2025,1,4,2,False
20250122,2025-01-22,2025,1,4,3,False
20250123,2025-01-23,2025,1,4,4,False
20250124,2025-01-24,2025,1,4,5,False
20250125,2025-01-25,2025,1,4,6,True
20250126,2025-01-26,2025,1,4,7,True
20250127,2025-01-27,2025,1,5,1,False
20250128,2025-01-28,2025,1,5,2,False
20250129,2025-01-29,2025,1,5,3,False
20250130,2025-01-30,2025,1,5,4,False
20250131,2025-01-31,2025,1,5,5,False
20250201,2025-02-01,2025,2,5,6,True
20250202,2025-02-02,2025,2,5,7,True
20250203,2025-02-03,2025,2,6,1,False
20250204,2025-02-04,2025,2,6,2,False
20250205,2025-02-05,2025,2,6,3,False
20250206,2025-02-06,2025,2,6,4,False
20250207,2025-02-07,2025,2,6,5,False
20250208,2025-02-08,2025,2,6,6,True
20250209,2025-02-09,2025,2,6,7,True
20250210,2025-02-10,2025,2,7,1,False
20250211,2025-02-11,2025,2,7,2,False
20250212,2025-02-12,2025,2,7,3,False
20250213,2025-02-13,2025,2,7,4,False
20250214,2025-02-14,2025,2,7,5,False
20250215,2025-02-15,2025,2,7,6,True
20250216,2025-02-16,2025,2,7,7,True
20250217,2025-02-17,2025,2,8,1,False
20250218,2025-02-18,2025,2,8,2,False
20250219,2025-02-19,2025,2,8,3,False
20250220,2025-02-20,2025,2,8,4,False
20250221,2025-02-21,2025,2,8,5,False
20250222,2025-02-22,2025,2,8,6,True
20250223,2025-02-23,2025,2,8,7,True
20250224,2025-02-24,2025,2,9,1,False
20250225,2025-02-25,2025,2,9,2,False
20250226,2025-02-26,2025,2,9,3,False
20250227,2025-02-27,2025,2,9,4,False
20250228,2025-02-28,2025,2,9,5,False
20250301,2025-03-01,2025,3,9,6,True
20250302,2025-03-02,2025,3,9,7,True
20250303,2025-03-03,2025,3,10,1,False
20250304,2025-03-04,2025,3,10,2,False
20250305,2025-03-05,2025,3,10,3,False
20250306,2025-03-06,2025,3,10,4,False
20250307,2025-03-07,2025,3,10,5,False
20250308,2025-03-08,2025,3,10,6,True
20250309,2025-03-09,2025,3,10,7,True
20250310,2025-03-10,2025,3,11,1,False
20250311,2025-03-11,2025,3,11,2,False
20250312,2025-03-12,2025,3,11,3,False
20250313,2025-03-13,2025,3,11,4,False
20250314,2025-03-14,2025,3,11,5,False
20250315,2025-03-15,2025,3,11,6,True
20250316,2025-03-16,2025,3,11,7,True
20250317,2025-03-17,2025,3,12,1,False
20250318,2025-03-18,2025,3,12,2,False
20250319,2025-03-19,2025,3,12,3,False
20250320,2025-03-20,2025,3,12,4,False
20250321,2025-03-21,2025,3,12,5,False
20250322,2025-03-22,2025,3,12,6,True
20250323,2025-03-23,2025,3,12,7,True
20250324,2025-03-24,2025,3,13,1,False
20250325,2025-03-25,2025,3,13,2,False
20250326,2025-03-26,2025,3,13,3,False
20250327,2025-03-27,2025,3,13,4,False
20250328,2025-03-28,2025,3,13,5,False
20250329,2025-03-29,2025,3,13,6,True
20250330,2025-03-30,2025,3,13,7,True
20250331,2025-03-31,2025,3,14,1,False
20250401,2025-04-01,2025,4,14,2,False
20250402,2025-04-02,2025,4,14,3,False
20250403,2025-04-03,2025,4,14,4,False
20250404,2025-04-04,2025,4,14,5,False
20250405,2025-04-05,2025,4,14,6,True
20250406,2025-04-06,2025,4,14,7,True
20250407,2025-04-07,2025,4,15,1,False
20250408,2025-04-08,2025,4,15,2,False
20250409,2025-04-09,2025,4,15,3,False
20250410,2025-04-10,2025,4,15,4,False
20250411,2025-04-11,2025,4,15,5,False
20250412,2025-04-12,2025,4,15,6,True
20250413,2025-04-13,2025,4,15,7,True
20250414,2025-04-14,2025,4,16,1,False
20250415,2025-04-15,2025,4,16,2,False
20250416,2025-04-16,2025,4,16,3,False
20250417,2025-04-17,2025,4,16,4,False
20250418,2025-04-18,2025,4,16,5,False
20250419,2025-04-19,2025,4,16,6,True
20250420,2025-04-20,2025,4,16,7,True
20250421,2025-04-21,2025,4,17,1,False
20250422,2025-04-22,2025,4,17,2,False
20250423,2025-04-23,2025,4,17,3,False
20250424,2025-04-24,2025,4,17,4,False
20250425,2025-04-25,2025,4,17,5,False
20250426,2025-04-26,2025,4,17,6,True
20250427,2025-04-27,2025,4,17,7,True
20250428,2025-04-28,2025,4,18,1,False
20250429,2025-04-29,2025,4,18,2,False
20250430,2025-04-30,2025,4,18,3,False
20250501,2025-05-01,2025,5,18,4,False
20250502,2025-05-02,2025,5,18,5,False
20250503,2025-05-03,2025,5,18,6,True
20250504,2025-05-04,2025,5,18,7,True
20250505,2025-05-05,2025,5,19,1,False
20250506,2025-05-06,2025,5,19,2,False
20250507,2025-05-07,2025,5,19,3,False
20250508,2025-05-08,2025,5,19,4,False
20250509,2025-05-09,2025,5,19,5,False
20250510,2025-05-10,2025,5,19,6,True
20250511,2025-05-11,2025,5,19,7,True
20250512,2025-05-12,2025,5,20,1,False
20250513,2025-05-13,2025,5,20,2,False
20250514,2025-05-14,2025,5,20,3,False
20250515,2025-05-15,2025,5,20,4,False
20250516,2025-05-16,2025,5,20,5,False
20250517,2025-05-17,2025,5,20,6,True
20250518,2025-05-18,2025,5,20,7,True
20250519,2025-05-19,2025,5,21,1,False
20250520,2025-05-20,2025,5,21,2,False
20250521,2025-05-21,2025,5,21,3,False
20250522,2025-05-22,2025,5,21,4,False
20250523,2025-05-23,2025,5,21,5,False
20250524,2025-05-24,2025,5,21,6,True
20250525,2025-05-25,2025,5,21,7,True
20250526,2025-05-26,2025,5,22,1,False
20250527,2025-05-27,2025,5,22,2,False
20250528,2025-05-28,2025,5,22,3,False
20250529,2025-05-29,2025,5,22,4,False
20250530,2025-05-30,2025,5,22,5,False
20250531,2025-05-31,2025,5,22,6,True
20250601,2025-06-01,2025,6,22,7,True
20250602,2025-06-02,2025,6,23,1,False
20250603,2025-06-03,2025,6,23,2,False
20250604,2025-06-04,2025,6,23,3,False
20250605,2025-06-05,2025,6,23,4,False
20250606,2025-06-06,2025,6,23,5,False
20250607,2025-06-07,2025,6,23,6,True
20250608,2025-06-08,2025,6,23,7,True
20250609,2025-06-09,2025,6,24,1,False
20250610,2025-06-10,2025,6,24,2,False
20250611,2025-06-11,2025,6,24,3,False
20250612,2025-06-12,2025,6,24,4,False
20250613,2025-06-13,2025,6,24,5,False
20250614,2025-06-14,2025,6,24,6,True
20250615,2025-06-15,2025,6,24,7,True
20250616,2025-06-16,2025,6,25,1,False
20250617,2025-06-17,2025,6,25,2,False
20250618,2025-06-18,2025,6,25,3,False
20250619,2025-06-19,2025,6,25,4,False
20250620,2025-06-20,2025,6,25,5,False
20250621,2025-06-21,2025,6,25,6,True
20250622,2025-06-22,2025,6,25,7,True
20250623,2025-06-23,2025,6,26,1,False
20250624,2025-06-24,2025,6,26,2,False
20250625,2025-06-25,2025,6,26,3,False
20250626,2025-06-26,2025,6,26,4,False
20250627,2025-06-27,2025,6,26,5,False
20250628,2025-06-28,2025,6,26,6,True
20250629,2025-06-29,2025,6,26,7,True
20250630,2025-06-30,2025,6,27,1,False
20250701,2025-07-01,2025,7,27,2,False
20250702,2025-07-02,2025,7,27,3,False
20250703,2025-07-03,2025,7,27,4,False
20250704,2025-07-04,2025,7,27,5,False
20250705,2025-07-05,2025,7,27,6,True
20250706,2025-07-06,2025,7,27,7,True
20250707,2025-07-07,2025,7,28,1,False
20250708,2025-07-08,2025,7,28,2,False
20250709,2025-07-09,2025,7,28,3,False
20250710,2025-07-10,2025,7,28,4,False
20250711,2025-07-11,2025,7,28,5,False
20250712,2025-07-12,2025,7,28,6,True
20250713,2025-07-13,2025,7,28,7,True
20250714,2025-07-14,2025,7,29,1,False
20250715,2025-07-15,2025,7,29,2,False
20250716,2025-07-16,2025,7,29,3,False
20250717,2025-07-17,2025,7,29,4,False
20250718,2025-07-18,2025,7,29,5,False
20250719,2025-07-19,2025,7,29,6,True
20250720,2025-07-20,2025,7,29,7,True
20250721,2025-07-21,2025,7,30,1,False
20250722,2025-07-22,2025,7,30,2,False
20250723,2025-07-23,2025,7,30,3,False
20250724,2025-07-24,2025,7,30,4,False
20250725,2025-07-25,2025,7,30,5,False
20250726,2025-07-26,2025,7,30,6,True
20250727,2025-07-27,2025,7,30,7,True
20250728,2025-07-28,2025,7,31,1,False
20250729,2025-07-29,2025,7,31,2,False
20250730,2025-07-30,2025,7,31,3,False
20250731,2025-07-31,2025,7,31,4,False
20250801,2025-08-01,2025,8,31,5,False
20250802,2025-08-02,2025,8,31,6,True
20250803,2025-08-03,2025,8,31,7,True
20250804,2025-08-04,2025,8,32,1,False
20250805,2025-08-05,2025,8,32,2,False
20250806,2025-08-06,2025,8,32,3,False
20250807,2025-08-07,2025,8,32,4,False
20250808,2025-08-08,2025,8,32,5,False
20250809,2025-08-09,2025,8,32,6,True
20250810,2025-08-10,2025,8,32,7,True
20250811,2025-08-11,2025,8,33,1,False
20250812,2025-08-12,2025,8,33,2,False
20250813,2025-08-13,2025,8,33,3,False
20250814,2025-08-14,2025,8,33,4,False
20250815,2025-08-15,2025,8,33,5,False
20250816,2025-08-16,2025,8,33,6,True
20250817,2025-08-17,2025,8,33,7,True
20250818,2025-08-18,2025,8,34,1,False
20250819,2025-08-19,2025,8,34,2,False
20250820,2025-08-20,2025,8,34,3,False
20250821,2025-08-21,2025,8,34,4,False
20250822,2025-08-22,2025,8,34,5,False
20250823,2025-08-23,2025,8,34,6,True
20250824,2025-08-24,2025,8,34,7,True
20250825,2025-08-25,2025,8,35,1,False
20250826,2025-08-26,2025,8,35,2,False
20250827,2025-08-27,2025,8,35,3,False
20250828,2025-08-28,2025,8,35,4,False
20250829,2025-08-29,2025,8,35,5,False
20250830,2025-08-30,2025,8,35,6,True
20250831,2025-08-31,2025,8,35,7,True
20250901,2025-09-01,2025,9,36,1,False
20250902,2025-09-02,2025,9,36,2,False
20250903,2025-09-03,2025,9,36,3,False
20250904,2025-09-04,2025,9,36,4,False
20250905,2025-09-05,2025,9,36,5,False
20250906,2025-09-06,2025,9,36,6,True
20250907,2025-09-07,2025,9,36,7,True
20250908,2025-09-08,2025,9,37,1,False
20250909,2025-09-09,2025,9,37,2,False
20250910,2025-09-10,2025,9,37,3,False
20250911,2025-09-11,2025,9,37,4,False
20250912,2025-09-12,2025,9,37,5,False
20250913,2025-09-13,2025,9,37,6,True
20250914,2025-09-14,2025,9,37,7,True
20250915,2025-09-15,2025,9,38,1,False
20250916,2025-09-16,2025,9,38,2,False
20250917,2025-09-17,2025,9,38,3,False
20250918,2025-09-18,2025,9,38,4,False
20250919,2025-09-19,2025,9,38,5,False
20250920,2025-09-20,2025,9,38,6,True
20250921,2025-09-21,2025,9,38,7,True
20250922,2025-09-22,2025,9,39,1,False
20250923,2025-09-23,2025,9,39,2,False
20250924,2025-09-24,2025,9,39,3,False
20250925,2025-09-25,2025,9,39,4,False
20250926,2025-09-26,2025,9,39,5,False
20250927,2025-09-27,2025,9,39,6,True
20250928,2025-09-28,2025,9,39,7,True
20250929,2025-09-29,2025,9,40,1,False
20250930,2025-09-30,2025,9,40,2,False
20251001,2025-10-01,2025,10,40,3,False
20251002,2025-10-02,2025,10,40,4,False
20251003,2025-10-03,2025,10,40,5,False
20251004,2025-10-04,2025,10,40,6,True
20251005,2025-10-05,2025,10,40,7,True
20251006,2025-10-06,2025,10,41,1,False
20251007,2025-10-07,2025,10,41,2,False
20251008,2025-10-08,2025,10,41,3,False
20251009,2025-10-09,2025,10,41,4,False
20251010,2025-10-10,2025,10,41,5,False
20251011,2025-10-11,2025,10,41,6,True
20251012,2025-10-12,2025,10,41,7,True
20251013,2025-10-13,2025,10,42,1,False
20251014,2025-10-14,2025,10,42,2,False
20251015,2025-10-15,2025,10,42,3,False
20251016,2025-10-16,2025,10,42,4,False
20251017,2025-10-17,2025,10,42,5,False
20251018,2025-10-18,2025,10,42,6,True
20251019,2025-10-19,2025,10,42,7,True
20251020,2025-10-20,2025,10,43,1,False
20251021,2025-10-21,2025,10,43,2,False
20251022,2025-10-22,2025,10,43,3,False
20251023,2025-10-23,2025,10,43,4,False
20251024,2025-10-24,2025,10,43,5,False
20251025,2025-10-25,2025,10,43,6,True
20251026,2025-10-26,2025,10,43,7,True
20251027,2025-10-27,2025,10,44,1,False
20251028,2025-10-28,2025,10,44,2,False
20251029,2025-10-29,2025,10,44,3,False
20251030,2025-10-30,2025,10,44,4,False
20251031,2025-10-31,2025,10,44,5,False
20251101,2025-11-01,2025,11,44,6,True
20251102,2025-11-02,2025,11,44,7,True
20251103,2025-11-03,2025,11,45,1,False
20251104,2025-11-04,2025,11,45,2,False
20251105,2025-11-05,2025,11,45,3,False
20251106,2025-11-06,2025,11,45,4,False
20251107,2025-11-07,2025,11,45,5,False
20251108,2025-11-08,2025,11,45,6,True
20251109,2025-11-09,2025,11,45,7,True
20251110,2025-11-10,2025,11,46,1,False
20251111,2025-11-11,2025,11,46,2,False
20251112,2025-11-12,2025,11,46,3,False
20251113,2025-11-13,2025,11,46,4,False
20251114,2025-11-14,2025,11,46,5,False
20251115,2025-11-15,2025,11,46,6,True
20251116,2025-11-16,2025,11,46,7,True
20251117,2025-11-17,2025,11,47,1,False
20251118,2025-11-18,2025,11,47,2,False
20251119,2025-11-19,2025,11,47,3,False
20251120,2025-11-20,2025,11,47,4,False
20251121,2025-11-21,2025,11,47,5,False
20251122,2025-11-22,2025,11,47,6,True
20251123,2025-11-23,2025,11,47,7,True
20251124,2025-11-24,2025,11,48,1,False
20251125,2025-11-25,2025,11,48,2,False
20251126,2025-11-26,2025,11,48,3,False
20251127,2025-11-27,2025,11,48,4,False
20251128,2025-11-28,2025,11,48,5,False
20251129,2025-11-29,2025,11,48,6,True
20251130,2025-11-30,2025,11,48,7,True
20251201,2025-12-01,2025,12,49,1,False
20251202,2025-12-02,2025,12,49,2,False
20251203,2025-12-03,2025,12,49,3,False
20251204,2025-12-04,2025,12,49,4,False
20251205,2025-12-05,2025,12,49,5,False
20251206,2025-12-06,2025,12,49,6,True
20251207,2025-12-07,2025,12,49,7,True
20251208,2025-12-08,2025,12,50,1,False
20251209,2025-12-09,2025,12,50,2,False
20251210,2025-12-10,2025,12,50,3,False
20251211,2025-12-11,2025,12,50,4,False
20251212,2025-12-12,2025,12,50,5,False
20251213,2025-12-13,2025,12,50,6,True
20251214,2025-12-14,2025,12,50,7,True
20251215,2025-12-15,2025,12,51,1,False
20251216,2025-12-16,2025,12,51,2,False
20251217,2025-12-17,2025,12,51,3,False
20251218,2025-12-18,2025,12,51,4,False
20251219,2025-12-19,2025,12,51,5,False
20251220,2025-12-20,2025,12,51,6,True
20251221,2025-12-21,2025,12,51,7,True
20251222,2025-12-22,2025,12,52,1,False
20251223,2025-12-23,2025,12,52,2,False
20251224,2025-12-24,2025,12,52,3,False
20251225,2025-12-25,2025,12,52,4,False
20251226,2025-12-26,2025,12,52,5,False
20251227,2025-12-27,2025,12,52,6,True
20251228,2025-12-28,2025,12,52,7,True
20251229,2025-12-29,2025,12,1,1,False
20251230,2025-12-30,2025,12,1,2,False
20251231,2025-12-31,2025,12,1,3,False
