EmpID,FullName,Gender,BirthDate,HireDate,TerminationDate,ManagerID,DeptID
5000,Alexander Shaw,Female,1966-02-04,2017-05-20,2022-12-14,6137.0,8
5001,Krystal Garcia,Male,1972-05-03,2021-04-23,2021-01-23,6186.0,1
5002,Chad Shea,Male,1982-04-18,2022-11-23,2023-10-12,5351.0,6
5003,Martin Jones,Male,1988-08-03,2017-12-10,2024-04-12,5893.0,8
5004,Lisa Scott,Male,1992-02-13,2016-11-03,2021-03-06,6020.0,4
5005,David Perez,Female,1981-08-12,2023-08-07,2022-03-21,6145.0,10
5006,Jeffrey Lane,Male,2000-10-05,2017-04-18,,5153.0,8
5007,Lisa Wells,Female,1981-06-04,2021-05-08,2023-01-28,6179.0,6
5008,Charles Ramirez,Female,1968-07-24,2020-11-11,2024-11-27,5692.0,8
5009,Jill Jones,Male,1965-07-23,2023-03-02,2023-03-16,6025.0,2
5010,Jason Thomas,Male,1993-02-10,2023-01-14,2023-06-09,6191.0,1
5011,Nicole Stuart,Male,1998-05-20,2023-11-18,2024-06-03,6043.0,3
5012,Christine Davis,Male,1966-02-25,2022-02-02,2022-02-22,6188.0,3
5013,Kevin Vasquez,Female,1980-07-04,2017-01-27,2024-06-03,6156.0,6
5014,Scott Archer,Female,1986-04-11,2020-01-06,2024-04-15,5627.0,8
5015,Larry Stewart,Female,1972-09-11,2019-06-11,2022-10-17,5280.0,4
5016,Amber King,Female,1980-08-05,2015-08-01,2025-06-11,,1
5017,Randall Thompson,Female,1972-04-17,2019-01-14,,5188.0,5
5018,Bryan Spencer,Male,1989-01-28,2019-01-07,2021-11-09,5621.0,5
5019,Michaela Velasquez,Female,1989-09-02,2017-08-09,,5922.0,9
5020,Kathleen Obrien,Male,1966-12-06,2021-01-17,2020-10-12,5277.0,9
5021,Hannah Oconnor,Male,1985-10-30,2022-04-03,2023-11-15,5294.0,1
5022,Karen Hernandez,Male,1979-09-01,2018-11-05,2021-03-03,6027.0,10
5023,Travis Garcia,Female,1998-10-12,2024-04-23,2023-10-07,5836.0,1
5024,Amy Ryan,Male,1997-10-17,2025-03-16,,5327.0,5
5025,Kristi Campbell,Male,2001-02-26,2022-05-12,2021-08-23,5943.0,5
5026,Brittany Dillon,Male,1978-06-13,2020-10-24,,5200.0,6
5027,Crystal Barton,Female,1978-09-14,2020-06-05,2022-05-13,5625.0,2
5028,Lance Anderson,Female,2001-07-21,2019-12-14,2022-12-27,5063.0,4
5029,Karen Young,Female,1977-09-23,2017-12-30,2020-08-07,,1
5030,Teresa Torres,Male,1978-07-23,2024-05-27,,5019.0,1
5031,Chad Horne,Female,2003-05-25,2021-06-23,2023-07-22,6058.0,1
5032,William Moore III,Male,1982-07-02,2025-02-06,2020-07-05,5382.0,10
5033,Carlos Miller,Male,1990-09-24,2023-01-18,2021-04-26,5943.0,8
5034,Patricia King,Male,1967-06-30,2025-02-22,2023-09-30,5264.0,6
5035,Amber Richards,Female,2002-11-11,2016-06-28,2025-03-27,5454.0,6
5036,Kristina Daniels,Male,2001-04-08,2017-03-16,2023-02-13,5045.0,8
5037,Kristina Sanchez,Male,2000-05-30,2018-11-21,2025-05-06,5523.0,1
5038,Peter Bishop,Male,1976-12-01,2022-07-10,2024-01-17,6040.0,5
5039,Tiffany Price,Male,1987-07-09,2017-02-17,2024-07-06,5767.0,3
5040,Kelsey Gross,Male,1985-03-30,2024-09-21,2021-11-20,6170.0,1
5041,Angel Fields,Female,1976-09-05,2016-01-16,2023-02-27,5487.0,10
5042,Philip Wilson,Female,1984-03-03,2021-02-10,,5524.0,9
5043,Joseph Schmidt,Female,1988-10-17,2019-02-09,,,10
5044,Maria May,Female,1969-12-04,2020-09-26,2022-07-13,5604.0,10
5045,Evan Turner,Male,1981-09-14,2021-07-07,2020-11-13,5767.0,4
5046,Kathryn Caldwell,Female,1980-06-22,2015-10-26,2023-12-17,5305.0,8
5047,Kyle Weaver,Other,1983-03-06,2017-04-08,2021-05-05,5075.0,2
5048,Matthew Moore,Female,1986-12-19,2020-01-25,2023-02-25,,7
5049,Jaime Hicks MD,Female,1976-05-28,2017-01-27,2022-08-27,5988.0,8
5050,Michael Torres,Female,1978-11-23,2015-09-25,2021-05-06,5462.0,5
5051,Kimberly Simon,Female,1979-08-12,2017-10-16,2024-10-12,5918.0,9
5052,Jake Sanders,Male,1981-04-12,2022-02-04,,6113.0,2
5053,David Berry,Female,2002-10-23,2019-09-11,2023-01-20,5731.0,8
5054,Mitchell Reed,Female,1980-07-12,2022-12-05,,5925.0,7
5055,Crystal White,Male,1999-12-29,2022-08-26,2023-06-29,5203.0,2
5056,Earl Peterson,Male,1966-02-18,2016-10-09,2021-07-16,5890.0,5
5057,Hector Gray,Female,1978-06-29,2019-09-03,2020-11-29,5413.0,9
5058,Anna Dixon,Female,1983-10-15,2018-06-14,,6039.0,6
5059,Dean Schneider,Male,1992-10-20,2022-10-27,2023-05-05,5265.0,9
5060,Robert Johnson,Male,1995-09-30,2020-05-20,2023-02-04,5837.0,9
5061,Angela Foley,Female,1972-06-25,2018-10-01,2020-09-12,5356.0,10
5062,Michael Johnson,Male,1989-10-04,2024-10-13,2020-12-25,5325.0,10
5063,Michael Santiago,Male,1996-11-25,2019-05-07,2020-11-23,5623.0,8
5064,Courtney Fox,Male,1987-11-03,2017-09-11,2021-09-30,5241.0,2
5065,Michael Rivera,Male,1982-11-26,2017-02-06,,6050.0,1
5066,Donna Anderson,Female,1980-09-30,2018-01-23,,5961.0,2
5067,Mr. Anthony Campos Jr.,Female,1986-12-31,2018-05-11,2022-09-21,5974.0,3
5068,Eric Taylor,Male,2002-07-24,2021-08-22,2024-09-23,6084.0,4
5069,Jeanette Ray,Male,1995-02-24,2023-11-02,2021-08-31,5731.0,3
5070,Amber Norris,Male,2000-08-08,2024-11-11,2022-02-10,5461.0,10
5071,Betty Shaw,Male,1973-06-07,2023-03-18,,5931.0,10
5072,Charles Meyer,Other,1969-06-24,2024-05-19,,5375.0,9
5073,Tyler Woods,Male,1986-10-24,2024-09-24,2023-03-02,5749.0,1
5074,Andrew Brady MD,Female,1985-05-16,2019-03-12,2020-10-05,5477.0,5
5075,Stacey Stevens,Female,1979-06-25,2015-11-18,2023-03-25,5510.0,10
5076,Anthony Odonnell,Male,1995-03-27,2017-11-20,,5108.0,10
5077,Alex Walters,Female,1982-07-17,2018-02-08,2024-08-12,5326.0,2
5078,Stephanie Stone,Female,1973-10-28,2020-03-25,2024-10-18,5013.0,3
5079,William Roberts,Female,1992-10-24,2021-11-26,2022-02-22,5302.0,4
5080,Taylor Jackson,Male,2000-04-23,2018-07-30,2022-06-25,5751.0,9
5081,Kelly Chapman,Male,1965-10-25,2016-03-14,2023-01-26,6005.0,8
5082,Oscar Herman,Female,1977-04-04,2023-07-06,2024-07-12,5134.0,10
5083,Stephen Simon,Female,1978-08-07,2023-03-07,2021-05-21,5924.0,2
5084,Laura Kline,Male,1972-04-03,2018-07-15,2023-07-05,5037.0,5
5085,Jessica Garcia DDS,Male,2000-07-11,2023-02-28,2022-09-20,5849.0,9
5086,Casey Gordon,Male,1978-05-17,2022-03-20,2023-10-29,6134.0,5
5087,Mark Washington,Female,1977-12-28,2018-10-29,2021-12-07,5157.0,2
5088,Sara Hinton,Female,1971-10-14,2016-08-08,,5401.0,10
5089,Desiree Garcia,Female,1980-10-11,2019-12-21,2025-06-05,5673.0,7
5090,Jasmine Williams,Male,1976-02-26,2023-03-11,2021-05-03,6181.0,9
5091,Willie Blanchard,Male,1990-08-01,2017-06-25,2021-12-20,5631.0,3
5092,Julie Williams,Female,1972-12-24,2022-03-10,2024-11-19,5800.0,5
5093,Scott Beck,Female,2002-06-13,2019-09-17,,5411.0,4
5094,Mary Gonzalez,Female,1987-10-29,2018-01-02,2022-09-30,5167.0,4
5095,Victoria Hart,Female,1978-04-03,2020-08-20,2022-01-10,5365.0,6
5096,Rebekah Garza,Female,1982-06-28,2019-02-11,2024-01-28,5968.0,4
5097,Rachel Torres,Male,1967-05-01,2015-10-02,2025-06-18,5451.0,4
5098,Keith Barker,Male,1997-07-15,2018-06-22,2020-09-02,5579.0,2
5099,Rachel Lopez,Female,1995-11-21,2017-03-17,2020-08-30,5718.0,4
5100,Peter Saunders,Female,1991-12-06,2025-02-16,2023-11-15,6156.0,8
5101,Melissa Peters,Female,1969-09-11,2018-08-02,2022-05-26,5262.0,9
5102,Mrs. Rebecca Sherman,Female,1973-05-31,2020-09-24,2023-02-14,5102.0,1
5103,Erica Gallagher,Male,1999-05-21,2017-04-19,2020-12-10,5800.0,7
5104,David Nelson,Female,1996-02-22,2024-09-23,2020-07-08,5926.0,2
5105,Dr. Richard Morris,Male,1997-12-04,2022-02-23,,5474.0,9
5106,Denise Williams,Male,1992-06-01,2021-04-29,,5639.0,5
5107,Denise Charles,Female,1975-02-27,2021-12-13,,5543.0,8
5108,Monique Johnson,Male,1990-12-18,2025-03-17,2024-01-29,5543.0,1
5109,James Ortiz,Female,1975-08-17,2021-06-07,,5067.0,8
5110,Michael Ferguson,Female,1972-06-28,2022-08-01,2021-12-05,5419.0,1
5111,Bruce Carpenter,Male,1989-12-14,2024-02-15,,,3
5112,Rhonda Johnson,Female,1996-03-30,2016-08-21,2021-08-24,5716.0,2
5113,Wayne Cook,Male,1976-08-04,2020-01-24,,5044.0,1
5114,Bryan Flynn,Female,1967-09-07,2025-03-29,2023-04-09,5264.0,2
5115,Gavin Bowers,Male,1979-02-26,2017-05-15,2020-12-18,5019.0,10
5116,Shelly Kelly,Male,1985-01-26,2023-09-20,2022-02-04,5351.0,2
5117,Tammy Hall,Female,1988-11-05,2021-01-16,2022-05-18,5051.0,8
5118,Tiffany Morgan,Female,2002-12-11,2016-09-16,2022-01-14,5308.0,7
5119,Benjamin Walker,Male,1978-09-16,2019-10-31,,5284.0,3
5120,Jorge Dunn,Female,1975-03-19,2016-12-23,2023-12-12,5375.0,6
5121,Melinda Pitts,Female,1971-02-23,2021-06-11,,6159.0,10
5122,Jacob Jimenez,Male,1984-03-04,2018-03-20,2023-12-11,5377.0,9
5123,Gina Castaneda,Male,1995-08-31,2016-01-05,2022-02-26,5778.0,7
5124,Benjamin Thornton,Female,1972-08-15,2017-05-01,2021-08-09,5563.0,5
5125,Kathleen Strickland,Female,1999-11-04,2024-04-28,,5886.0,2
5126,James White MD,Male,1989-03-12,2025-06-22,2024-08-14,5072.0,7
5127,Larry Pena,Male,1975-02-22,2019-11-22,2025-05-20,5544.0,10
5128,Madison Jensen,Female,1993-02-22,2017-01-14,2024-03-22,,3
5129,Brittany Gardner,Male,1980-05-18,2016-08-28,,6073.0,4
5130,Mr. Brendan Glover,Female,2000-09-26,2020-12-21,2023-01-04,5146.0,5
5131,Brad Ferguson,Male,1996-11-12,2021-12-24,2025-02-17,5576.0,6
5132,Paul Holden,Male,1994-07-20,2016-05-30,2025-05-19,5807.0,5
5133,Christopher Johnson,Female,1985-04-11,2016-12-03,2023-01-19,5916.0,2
5134,Elizabeth Larson,Male,1970-07-02,2021-03-10,2022-09-24,6151.0,1
5135,Wayne Hart,Male,2002-01-13,2017-04-14,2023-11-10,5290.0,10
5136,Harold Garcia,Female,1997-06-26,2018-09-30,2022-12-08,5016.0,7
5137,Stacie Paul,Female,1982-07-04,2024-08-03,2023-04-11,5086.0,4
5138,James Green,Female,1989-06-24,2022-04-15,2021-05-29,6176.0,1
5139,Tracy Garcia,Male,1975-05-13,2022-03-14,2023-06-26,5323.0,2
5140,Isaac Hunt,Male,1997-09-14,2016-04-27,2021-05-01,6180.0,9
5141,Debra Diaz,Female,1993-08-19,2020-05-27,2021-01-21,5033.0,2
5142,Amanda Tran,Female,1978-08-28,2019-12-03,,5552.0,1
5143,Daniel Williams,Male,1977-08-22,2023-04-21,2022-02-03,5191.0,2
5144,Jennifer Johnston,Female,1971-06-02,2023-12-01,,5685.0,8
5145,Michael Ali,Female,1997-10-28,2022-01-10,2024-10-24,6154.0,6
5146,Francisco Wood,Other,1979-03-28,2022-05-18,2024-08-22,6083.0,10
5147,Alexis Decker,Female,1987-10-15,2020-11-21,2023-08-25,,2
5148,Sarah Smith,Male,2000-11-15,2022-06-05,2020-08-30,5451.0,9
5149,Kayla Turner,Female,1978-02-13,2021-06-15,2025-02-08,5149.0,10
5150,Sharon Cohen,Female,1999-03-23,2019-04-03,2025-02-25,5173.0,5
5151,Eric Barber,Male,1965-12-17,2019-10-11,,5018.0,9
5152,Angela Johnson,Female,1971-02-17,2019-06-04,2024-04-20,6056.0,4
5153,Timothy Cabrera,Female,1988-10-25,2017-10-15,2024-07-31,5943.0,2
5154,Ashley Beck,Male,1989-11-02,2015-09-02,2022-01-24,5073.0,4
5155,Sean Murray,Female,1989-05-22,2025-05-15,2023-10-15,5552.0,7
5156,Jessica Sanchez,Female,1973-09-19,2019-08-07,2023-09-27,5485.0,7
5157,Jason Scott,Male,1966-01-05,2017-12-24,,5273.0,9
5158,Barbara Woods,Male,1977-07-13,2023-01-27,2023-08-23,,4
5159,Cynthia Bryan,Female,1976-01-10,2015-12-13,2020-12-13,5478.0,2
5160,Stephen King,Other,1984-11-11,2016-08-21,,5303.0,7
5161,Brenda Howard,Female,1985-09-07,2020-08-19,2023-06-21,5830.0,1
5162,Robert Cobb,Male,1983-10-19,2020-05-26,2025-01-28,5176.0,1
5163,Timothy Roberts,Male,1991-03-14,2015-10-01,2023-03-07,5934.0,8
5164,Erik Singleton,Female,1982-09-28,2024-04-10,2025-05-31,6128.0,10
5165,John Moreno,Male,1969-01-19,2023-10-07,2021-01-07,5083.0,3
5166,Oscar Alexander,Male,1990-08-27,2016-06-08,,5303.0,10
5167,Cameron Kelly,Male,1978-11-09,2020-04-01,2022-04-23,5719.0,8
5168,Krystal Jones,Female,1978-10-26,2017-11-16,2024-03-08,5707.0,1
5169,Ashley Carter,Male,1966-07-19,2017-12-03,2021-04-14,5587.0,6
5170,Maria Golden,Male,1978-05-20,2021-08-27,,6001.0,8
5171,Gregory Phillips,Female,1971-09-24,2023-07-27,2024-05-30,5393.0,6
5172,James Garcia,Male,1990-02-28,2022-06-08,2024-06-29,5462.0,5
5173,David Robinson,Other,1987-11-26,2019-02-17,2025-04-01,5717.0,8
5174,Keith Elliott,Female,1982-10-10,2016-02-04,2022-11-16,5174.0,5
5175,Robert Rivera,Female,1967-08-26,2019-11-03,2021-10-30,5613.0,3
5176,Erika Andersen,Male,1986-09-11,2024-12-08,2024-10-03,5888.0,7
5177,Janet Mahoney,Male,1985-01-03,2021-08-12,2023-12-14,5184.0,7
5178,Hannah Williams,Female,1998-06-28,2021-10-16,2025-06-24,6122.0,7
5179,Lisa Griffin,Male,1975-07-03,2025-02-01,,5820.0,2
5180,Matthew Huffman,Male,1992-02-05,2019-06-12,,5568.0,9
5181,Robert Wright,Female,1994-11-06,2023-11-09,2021-02-02,5481.0,10
5182,Elizabeth Johnson,Female,1988-09-16,2022-06-04,2023-11-26,5151.0,2
5183,Marcus Cunningham,Female,1997-01-29,2023-07-20,2021-07-21,5463.0,1
5184,Tonya James MD,Female,1992-11-30,2018-11-07,2021-02-05,5233.0,4
5185,Michelle Nielsen,Female,1991-02-28,2023-06-05,2025-05-06,5445.0,2
5186,Bobby Lewis,Female,1982-03-22,2015-07-31,2024-03-14,6116.0,10
5187,Nicole Hall,Male,1980-02-20,2019-11-03,,5100.0,3
5188,Paul Peters,Female,1993-11-05,2020-03-04,,5972.0,5
5189,Brooke Lawson,Male,1966-01-13,2023-11-14,2023-03-20,5137.0,10
5190,Christopher Wilson,Male,1965-11-30,2017-09-19,,5141.0,9
5191,Karen Peterson,Female,1971-08-21,2021-07-30,2024-11-17,5454.0,1
5192,Kristen Mitchell,Female,1968-01-29,2020-12-14,2024-10-08,5566.0,10
5193,Felicia Gallagher,Female,1973-02-17,2020-04-11,,6148.0,5
5194,Joshua Hall,Male,1976-03-12,2020-06-08,2020-09-13,5045.0,5
5195,Mr. Stephen Jackson,Male,1981-06-10,2023-02-26,,5837.0,7
5196,Matthew Myers,Male,1980-04-23,2015-11-05,2020-07-19,5927.0,9
5197,Austin Rose,Female,1972-03-02,2021-03-17,2024-01-19,5731.0,8
5198,James Hall,Male,1972-12-09,2022-11-03,2022-06-20,5198.0,1
5199,Mary Davis,Male,1990-01-08,2019-09-15,2024-02-10,5489.0,6
5200,Michael Jones,Male,1983-07-08,2023-10-24,2021-02-28,5811.0,1
5201,Brandon Wilson,Female,1981-11-07,2016-03-29,2020-11-26,5066.0,8
5202,Jennifer Mckee,Female,1974-01-09,2021-05-19,2022-10-10,5766.0,6
5203,Aaron Campbell,Male,1972-04-15,2019-06-17,2022-04-05,5751.0,7
5204,Brian Ritter,Female,1986-06-17,2023-09-20,,5987.0,8
5205,Jill Moss,Male,1975-06-19,2016-04-26,2024-02-24,5749.0,6
5206,Jeffrey Hamilton,Female,1974-08-04,2023-12-24,2022-02-09,6000.0,6
5207,Carla Hess,Female,1985-01-01,2022-08-13,,5509.0,2
5208,Brenda Dickson,Male,1975-12-14,2025-01-03,2024-11-19,5552.0,9
5209,Ryan Johnson,Male,1982-03-31,2022-01-31,2020-11-27,5445.0,8
5210,Pamela Riddle,Female,1976-03-25,2022-10-04,2023-04-01,5937.0,3
5211,Mr. Jason Cole,Female,2002-09-09,2019-01-24,2024-03-02,5702.0,8
5212,Nicholas Davis,Female,1965-10-22,2020-02-29,,5264.0,4
5213,Paul Scott,Male,1994-04-19,2019-06-03,2025-02-02,5561.0,8
5214,Michael Greer,Male,1969-01-20,2018-05-11,2025-01-14,5655.0,2
5215,Amy Miller,Female,2000-03-01,2016-09-02,2023-11-07,5203.0,4
5216,Karen Shannon,Male,1981-01-14,2017-01-01,2025-03-02,5064.0,5
5217,Jacqueline Thomas,Female,1983-10-11,2022-02-28,2023-05-16,5782.0,5
5218,Thomas Perry,Male,1975-09-08,2022-12-01,2021-03-25,5751.0,5
5219,Chelsea Thomas,Male,2002-12-22,2019-03-12,,5820.0,8
5220,Robert White,Female,1990-10-08,2021-01-30,2025-04-16,5525.0,1
5221,Samantha Barr,Female,1988-10-20,2022-09-03,2021-01-25,5578.0,3
5222,Christopher Carlson,Female,1986-08-25,2020-08-20,,5730.0,8
5223,Ryan Beasley,Female,1974-11-23,2018-07-23,,5553.0,6
5224,Alicia Freeman,Female,1971-09-08,2024-11-02,2025-02-18,6163.0,1
5225,Jonathan Nichols,Female,1991-07-25,2016-09-30,2022-11-29,5203.0,4
5226,Joseph Vasquez,Male,1969-03-18,2022-01-13,2023-10-02,5387.0,2
5227,Garrett Rose,Female,1981-04-28,2018-01-19,2023-01-25,5153.0,8
5228,Allison Myers,Female,1980-09-22,2023-06-03,,5035.0,8
5229,Allen Wilson,Other,1994-09-30,2022-01-01,,5302.0,9
5230,Andrew Allen,Male,1974-01-05,2016-10-24,2023-12-24,5988.0,5
5231,Amy Arnold,Male,1990-05-08,2020-03-22,2021-01-02,5743.0,10
5232,James Lawrence,Female,1970-12-28,2023-11-01,2025-05-11,5561.0,8
5233,Cynthia Mayer,Male,1998-07-17,2015-08-27,2023-05-24,,6
5234,Jennifer Mora,Female,1997-12-16,2017-12-04,2025-02-03,5790.0,10
5235,Lori Stokes,Female,1994-03-14,2017-04-26,2023-08-04,5332.0,9
5236,Charles Larson,Male,1986-12-12,2025-03-04,,5982.0,5
5237,Jonathan Marshall,Male,2003-06-12,2017-01-17,,5592.0,4
5238,Jessica Wang,Female,2001-02-09,2015-10-01,,5019.0,1
5239,Scott Walters,Female,1977-02-10,2023-05-16,,5971.0,5
5240,Michelle Mitchell,Male,1979-01-02,2022-08-17,2023-02-24,5019.0,3
5241,Jeffery Manning,Female,1983-12-16,2025-06-06,2023-12-27,5313.0,5
5242,John Elliott,Male,1982-12-12,2022-04-25,2022-08-24,5311.0,3
5243,Kimberly Fields,Female,1987-03-07,2017-07-07,2021-06-19,5243.0,1
5244,Michael Johnson,Female,2000-08-26,2021-04-22,,5497.0,7
5245,Marie Peterson,Male,1979-12-27,2016-09-10,,5211.0,3
5246,Donald Long,Female,1983-08-27,2016-01-16,,5035.0,10
5247,Steven Morris,Female,1967-10-21,2025-05-21,2024-10-30,5353.0,4
5248,Mark Smith,Male,2002-08-14,2015-08-03,2023-02-10,5535.0,10
5249,Robin Bruce,Female,1967-08-11,2018-06-19,2025-04-15,5138.0,5
5250,James Clements,Female,1965-11-04,2015-12-30,2022-05-02,5280.0,4
5251,Angela Richards,Male,1975-07-12,2017-04-26,2022-11-07,6163.0,1
5252,Matthew Miller,Female,1991-11-15,2016-04-20,2020-08-14,5887.0,10
5253,Christine Daniels,Female,1997-09-25,2017-11-09,2022-06-16,5884.0,1
5254,Becky Thompson,Female,1972-07-19,2025-02-19,2024-11-07,5540.0,4
5255,Alexandra Rodriguez,Female,2001-11-20,2021-01-03,2021-11-01,5218.0,5
5256,James Carlson,Male,1990-02-01,2021-10-26,2024-01-10,5670.0,7
5257,Jerry Smith DDS,Male,1991-02-05,2021-05-02,,5586.0,6
5258,Alicia Hernandez,Female,1993-04-11,2018-02-10,2021-12-14,5754.0,5
5259,Jennifer Price,Male,1996-07-21,2024-04-07,2021-12-31,5556.0,1
5260,Valerie Martinez,Female,1973-12-22,2015-08-02,2022-09-24,5870.0,5
5261,Michael Booth,Female,1987-06-21,2018-06-15,2024-02-14,5660.0,4
5262,Adam Gomez,Female,1997-05-24,2015-09-19,,5304.0,3
5263,Corey Salazar,Female,1999-08-02,2021-08-15,,5224.0,2
5264,Daniel Dean,Female,1967-12-04,2016-03-31,,5203.0,2
5265,Richard Farrell,Male,1987-10-27,2019-07-23,2024-02-26,5965.0,1
5266,Amanda Ortiz,Male,1993-12-31,2024-02-23,2022-08-23,5504.0,5
5267,Austin Lawson,Male,1989-09-29,2022-08-30,2024-07-31,5749.0,6
5268,Makayla Waters,Female,1990-01-29,2017-11-06,2023-02-14,5470.0,8
5269,Thomas Mclean,Female,1995-09-19,2023-08-14,2022-09-21,,9
5270,Samuel Padilla,Other,1979-04-28,2021-09-25,2022-12-06,5588.0,5
5271,Bob Simmons,Female,1996-05-19,2016-11-27,,5053.0,6
5272,Julie Glenn,Male,2000-08-29,2023-08-22,2022-08-18,5521.0,8
5273,Timothy Morrison,Male,1984-06-23,2025-04-14,,5451.0,9
5274,Brenda Green,Male,1977-02-20,2020-06-11,2021-01-01,6074.0,2
5275,Paula Stewart,Other,1965-11-29,2022-07-27,,5100.0,3
5276,Thomas Davis,Male,1997-10-23,2023-09-28,2021-05-16,5431.0,7
5277,Mrs. Lisa Webster MD,Female,1987-04-15,2020-12-19,2021-11-07,5866.0,9
5278,Holly Logan,Female,1971-09-03,2021-07-29,2024-11-04,6128.0,3
5279,Lindsey Mason,Female,1998-05-18,2018-12-28,2021-01-11,5890.0,10
5280,Marc Paul,Female,1996-10-15,2022-08-01,2025-01-15,6173.0,7
5281,Matthew Howard,Female,1992-07-02,2015-07-23,2021-07-22,5356.0,8
5282,Jennifer Schroeder,Male,1979-08-27,2020-04-09,2024-03-05,5064.0,1
5283,Michael Lee,Male,1973-12-01,2018-01-23,,5301.0,4
5284,Whitney Salazar,Male,1977-12-06,2018-03-16,2022-10-17,5137.0,2
5285,Stacy Rosales,Female,1988-06-16,2020-02-11,2024-11-25,5363.0,6
5286,Chad Thomas,Male,1989-05-22,2019-08-09,2022-06-12,5936.0,6
5287,William Charles,Male,1994-05-13,2016-10-19,2025-03-17,5216.0,3
5288,Gabriel Scott,Male,1978-07-14,2020-10-01,2021-12-04,5826.0,5
5289,Angela Smith,Male,1970-03-10,2022-02-19,2020-08-06,6198.0,8
5290,Christine Moore,Male,1974-07-30,2018-09-08,2024-12-08,5033.0,7
5291,Angel Holland,Male,1993-04-11,2024-12-18,,6150.0,9
5292,Bryce Griffin,Male,1969-09-26,2022-02-03,2020-08-25,5651.0,8
5293,Stephanie Scott,Female,1982-01-01,2018-03-14,,6088.0,4
5294,Elizabeth Romero,Male,1983-09-02,2025-05-23,,5210.0,4
5295,Evan Jimenez,Female,1982-10-31,2019-05-05,,6138.0,8
5296,Jose Baird,Male,1965-08-27,2022-09-03,2024-10-04,5560.0,1
5297,Eric Bowers,Male,1998-08-13,2016-09-07,2023-02-28,6125.0,8
5298,Sarah Martinez,Male,1970-08-24,2019-07-22,2022-06-20,5298.0,1
5299,Peter Cook,Female,1965-12-07,2018-06-14,2021-04-12,5146.0,8
5300,Michael Knight,Male,2001-03-16,2017-01-01,2024-05-10,5245.0,6
5301,Joseph Stanley,Male,2002-03-25,2017-12-02,,5301.0,10
5302,Frank Morrison,Male,1969-04-06,2020-12-28,2024-10-11,6128.0,8
5303,Sharon Alexander,Male,1988-09-12,2016-01-16,,5374.0,3
5304,Kevin Henderson,Female,1987-04-05,2017-08-20,2021-07-29,5079.0,1
5305,Holly Cunningham,Female,1977-09-04,2020-01-15,2023-04-09,5903.0,5
5306,Judith Blankenship,Male,1968-05-06,2021-06-16,2022-01-18,5806.0,6
5307,Garrett Caldwell,Male,2001-12-06,2018-11-06,,5352.0,3
5308,Gina Hoffman,Male,1990-04-06,2022-10-14,,5288.0,2
5309,James Fitzpatrick,Male,1977-08-21,2022-05-29,,5613.0,8
5310,Kenneth Dunn,Female,1984-08-01,2023-01-10,2025-04-20,5878.0,9
5311,Tyler Marshall,Female,1992-12-11,2021-05-21,2024-03-02,5704.0,4
5312,James Marshall,Female,1991-05-26,2016-07-10,2022-11-28,6191.0,10
5313,Daniel Miles,Female,1982-12-13,2019-11-06,2022-04-06,,9
5314,Alan Lopez,Female,2002-10-09,2022-01-18,2024-03-21,5109.0,2
5315,Jessica Moran,Male,1995-04-18,2023-03-22,2024-12-07,5497.0,3
5316,Sarah Green,Female,1981-04-28,2022-05-15,,5303.0,10
5317,Janet Porter,Female,1969-11-24,2025-06-04,2023-01-22,6102.0,7
5318,Joan Perry,Female,2000-06-18,2022-08-02,,,6
5319,Theresa Foster,Female,1991-11-06,2019-02-05,2024-11-08,5130.0,5
5320,Paul Gardner,Female,1980-04-14,2024-02-19,2024-06-18,5046.0,7
5321,Laura Norris,Male,1974-03-11,2025-02-10,2020-10-17,5526.0,6
5322,Benjamin Hall,Female,1990-10-31,2018-10-03,2025-02-27,5585.0,6
5323,Dana Thompson,Male,1977-03-18,2020-03-20,2020-08-30,,2
5324,Matthew Palmer,Female,1996-02-10,2017-02-22,,5791.0,5
5325,Barbara Tyler,Male,1990-12-01,2018-07-19,2025-05-13,5718.0,7
5326,Adrian Ray,Female,1973-10-11,2019-08-13,2021-10-01,5489.0,5
5327,Justin Mcgrath,Other,1965-09-22,2018-01-01,2023-04-25,6053.0,9
5328,James Allen,Female,2002-05-13,2016-03-13,2021-12-03,5130.0,1
5329,Rebecca Padilla,Male,1997-08-29,2025-01-27,,5988.0,1
5330,Jason Parker,Female,1988-07-14,2024-09-30,,5821.0,5
5331,Richard Morris,Male,1970-10-02,2020-11-01,2024-09-25,5639.0,4
5332,Brittany Martinez,Female,1968-05-25,2021-05-06,2023-04-06,6104.0,2
5333,Patricia Ramirez,Female,1991-06-27,2017-05-03,,,5
5334,Tamara Irwin,Male,1966-11-07,2023-01-15,2023-07-18,5040.0,3
5335,Louis Austin,Male,1994-05-11,2020-07-05,2023-08-11,5220.0,6
5336,Christopher Ward,Female,1995-06-09,2018-04-18,,6070.0,5
5337,John Woods,Female,1997-06-22,2021-07-27,2022-07-18,5171.0,8
5338,Jeffrey Perry,Female,1989-11-13,2019-08-13,,5012.0,10
5339,Abigail Cole,Female,1980-03-10,2023-03-21,2023-03-18,5831.0,7
5340,Joseph Hall,Male,1980-12-03,2016-09-16,2021-08-25,5802.0,3
5341,Kayla Robinson,Male,1992-08-09,2022-02-14,2023-09-19,6036.0,8
5342,Scott Murray,Female,1981-07-04,2017-02-14,2025-05-28,5399.0,8
5343,David Olson,Male,1982-08-08,2022-01-19,2024-02-27,5319.0,6
5344,John Wood,Male,1974-12-30,2019-10-31,2021-02-24,5961.0,2
5345,Jacob Hatfield,Male,1998-12-29,2024-05-29,,5618.0,4
5346,Olivia Mckee DDS,Male,1989-09-04,2025-01-07,,5740.0,8
5347,Destiny Torres,Female,1974-05-18,2022-05-30,2020-09-12,,2
5348,Kelly Mcgee,Female,1974-01-01,2024-02-25,2025-01-28,5536.0,3
5349,Carolyn Murray,Male,1984-12-26,2016-02-11,2023-02-03,5354.0,3
5350,Heather Macias,Male,1986-01-24,2023-11-30,,6003.0,6
5351,Jonathan Hall,Male,1998-08-20,2024-09-04,,5106.0,3
5352,Trevor Knight,Male,2002-05-01,2017-10-04,2024-05-19,5369.0,3
5353,Sara Jones,Male,1973-11-04,2024-11-07,2020-08-18,6116.0,2
5354,Matthew Collins,Male,1997-12-23,2018-09-08,,5252.0,6
5355,Rachel Moses,Female,1983-06-04,2021-08-06,2023-01-08,6012.0,5
5356,Ryan Gonzalez,Female,1983-09-09,2022-10-21,2024-04-22,5204.0,5
5357,Cathy Hinton,Female,1981-01-02,2022-04-17,2024-12-17,5921.0,4
5358,Lauren Meyers,Female,1976-04-27,2021-03-15,2022-01-19,5325.0,9
5359,Gary Turner,Other,1975-12-30,2024-01-27,2023-01-26,6135.0,10
5360,John Williamson,Female,1995-11-28,2021-07-24,2021-05-31,5665.0,9
5361,Tina Fleming,Male,2001-10-27,2019-08-01,2023-01-28,5891.0,4
5362,Marc Johnson,Female,1981-09-23,2019-04-25,2023-11-03,5091.0,4
5363,Yolanda Calhoun,Female,1999-04-18,2016-07-19,2021-07-23,5599.0,2
5364,John Garcia,Male,1976-12-09,2020-03-21,2023-07-31,5035.0,8
5365,Steven Morse,Male,1993-08-01,2017-12-22,,5719.0,2
5366,Kenneth Kirby,Male,1999-04-18,2024-06-18,2025-03-17,6139.0,4
5367,Brenda Skinner,Male,1986-11-22,2022-09-11,,5812.0,3
5368,Tina Mcmahon,Female,1969-09-07,2017-02-10,,5522.0,1
5369,Corey Farrell,Female,1979-12-03,2018-10-13,,5369.0,4
5370,Derrick Dodson,Male,1982-03-13,2020-08-22,2024-08-24,5645.0,6
5371,Sierra Kelley,Female,1977-11-09,2019-03-03,2024-09-03,5493.0,10
5372,Emily Hardin,Female,1970-05-30,2016-07-13,2025-01-25,5593.0,7
5373,Shannon Riggs,Male,1978-05-29,2018-11-16,2022-11-10,6049.0,2
5374,Jessica Myers,Male,1971-11-04,2024-12-19,2020-11-14,6182.0,7
5375,Sherri Bradley,Male,1985-02-01,2025-05-19,,5333.0,7
5376,Brenda Barr,Female,1984-10-04,2017-05-01,,5295.0,5
5377,Natasha Bennett,Female,1965-12-21,2015-07-21,,6080.0,6
5378,Mark Andrews II,Female,2001-11-19,2023-12-02,2022-10-03,5547.0,10
5379,Matthew Livingston,Other,1993-01-20,2021-04-02,2025-04-17,5040.0,1
5380,Eddie Stevens,Male,1967-03-24,2018-03-13,,5568.0,7
5381,Debra Jimenez,Female,2001-04-05,2019-07-01,,5266.0,10
5382,Lauren Gonzalez,Male,1999-08-07,2021-11-18,2025-05-30,5788.0,2
5383,Tim Archer PhD,Male,1989-02-10,2025-03-02,,5607.0,6
5384,Alicia Thornton,Female,2003-04-28,2016-11-29,2022-12-01,5016.0,4
5385,Danny Brown,Female,1999-10-21,2022-09-12,2025-01-03,6020.0,7
5386,Perry Melton,Male,1993-04-15,2017-06-24,2021-07-12,5386.0,5
5387,Paul Monroe,Female,1969-06-21,2024-03-16,2024-02-29,5856.0,8
5388,Zachary Atkinson,Male,1982-11-04,2022-07-31,2023-12-01,5362.0,7
5389,Aaron Chung,Female,1980-05-15,2016-09-03,,5580.0,2
5390,Bruce Oconnell,Male,1987-04-10,2023-09-09,2021-01-20,5188.0,2
5391,Larry Khan,Female,1975-08-01,2023-12-04,2022-04-04,5659.0,4
5392,John Hughes,Male,1977-10-26,2022-01-09,2021-09-04,6136.0,2
5393,Ashley Smith,Male,1974-06-18,2025-01-15,2021-02-09,6025.0,7
5394,David Brown,Female,1980-10-16,2025-03-22,2021-01-11,5924.0,7
5395,David Wilson III,Female,1983-03-09,2020-01-20,,5838.0,6
5396,Mark Armstrong,Female,1981-09-01,2016-10-16,2022-08-05,5059.0,4
5397,Jennifer Hunter,Male,1982-01-29,2015-09-11,2025-05-07,5962.0,6
5398,Emma James,Male,1979-05-12,2023-04-22,2021-08-01,5206.0,6
5399,Renee Brown,Female,1986-12-31,2022-11-02,2023-04-22,5855.0,2
5400,Jared Johnson,Female,1993-11-30,2018-12-31,2024-02-04,5693.0,7
5401,Brian Gonzalez,Male,1999-06-21,2016-06-02,2024-06-07,5763.0,10
5402,James Atkinson,Female,1980-08-18,2017-11-13,,5505.0,6
5403,Zachary Harris,Male,1967-06-14,2020-11-16,2023-06-12,5265.0,2
5404,Kenneth Nelson,Male,2000-02-17,2019-08-15,,5923.0,5
5405,Kendra Wong,Female,1967-05-18,2024-03-08,2021-09-20,6162.0,4
5406,Alexis Jones,Female,1972-01-18,2020-05-01,2025-02-06,5331.0,7
5407,Leslie Bryant,Male,1988-11-30,2017-06-09,2025-04-16,5294.0,1
5408,Jennifer Woodard,Male,1992-08-01,2018-06-22,2020-08-09,5411.0,3
5409,Sonya Woodward,Female,1998-09-29,2022-01-20,2024-11-06,5369.0,7
5410,Melissa Brown,Female,1986-10-11,2020-07-14,2020-11-09,5825.0,4
5411,Mary Jackson,Male,1970-02-22,2019-11-04,2022-10-29,5120.0,3
5412,Ruben Esparza,Female,1995-01-28,2016-12-16,2022-02-05,5464.0,7
5413,Ian Thomas,Female,1967-06-03,2017-11-09,2020-10-14,5933.0,10
5414,Denise Mitchell,Male,2001-04-02,2023-01-02,2024-03-20,5816.0,9
5415,Debra Rodriguez,Female,1982-11-02,2025-01-29,,5147.0,1
5416,Kevin Ramirez,Female,1972-03-21,2018-06-30,,6006.0,1
5417,Denise Ortiz,Male,1985-01-31,2024-07-13,2023-03-30,6118.0,5
5418,Michael Morse,Female,1991-02-17,2018-07-23,,5069.0,5
5419,Miss Sherri Valencia,Male,1967-02-12,2024-11-02,2023-12-22,5815.0,3
5420,Carol Hansen,Female,1976-05-07,2024-05-27,,5757.0,10
5421,Gina Holmes,Female,1980-12-21,2018-03-07,2024-09-26,6179.0,5
5422,Carolyn Walsh,Male,1973-11-16,2021-01-20,2024-05-28,5422.0,9
5423,Amanda Murphy,Female,1976-02-25,2025-06-14,,5515.0,8
5424,Julia Simpson,Other,1979-10-12,2022-06-14,2023-10-05,6126.0,3
5425,Brenda Roy,Female,1986-10-29,2025-05-12,,5368.0,3
5426,Brett Hull,Male,1993-06-20,2022-01-17,,5547.0,9
5427,Marissa Pierce,Female,1988-07-21,2019-05-01,2024-02-05,5403.0,9
5428,Richard Black,Female,1987-09-06,2024-05-26,,6188.0,9
5429,Erika Gomez,Male,1973-01-15,2016-12-15,2020-12-05,5768.0,3
5430,Jeremiah Mendez,Female,1999-04-01,2022-06-19,2024-07-20,5339.0,3
5431,Ryan Perry,Male,1989-05-17,2024-09-11,2024-02-05,5549.0,5
5432,Jeffery Lowery,Male,1993-06-26,2016-02-04,2024-10-23,5193.0,9
5433,Brian Green,Male,1968-05-31,2015-10-10,2025-02-16,5336.0,1
5434,Holly Rodriguez,Female,1977-05-25,2020-10-22,2022-05-27,5303.0,4
5435,Lawrence Garza,Male,1978-10-02,2024-10-14,2020-09-13,5896.0,8
5436,Mr. Matthew Patterson,Female,1978-10-25,2016-02-22,2025-03-31,5972.0,7
5437,Tiffany Myers,Male,1988-06-25,2016-10-08,2024-07-21,5731.0,7
5438,Holly Davis,Other,1972-12-15,2016-01-25,2024-05-15,5882.0,2
5439,Nancy Garcia,Other,1973-01-27,2023-02-16,2021-11-26,5861.0,9
5440,Denise Powell,Female,1982-04-11,2016-04-18,2024-08-15,5952.0,5
5441,Kathy Ryan,Male,2002-07-31,2018-08-30,2023-07-01,6094.0,8
5442,Christopher Meyer,Male,1973-12-27,2020-02-19,,5017.0,2
5443,Bernard Murillo,Female,2003-05-20,2017-09-07,2022-08-10,5754.0,4
5444,Morgan Garcia,Female,1998-09-29,2018-07-17,2024-08-07,5409.0,1
5445,Shannon Sosa MD,Male,2002-12-30,2021-04-06,2023-08-28,5199.0,5
5446,Lori Dixon,Male,1979-02-02,2018-01-24,2022-04-13,5502.0,1
5447,Ronald Hughes,Female,1965-07-07,2016-10-16,2021-09-26,5340.0,9
5448,Kaitlyn Martinez,Male,1995-05-11,2017-11-23,2022-03-31,6047.0,5
5449,Mason Luna,Male,1985-08-31,2017-11-18,2024-12-10,5449.0,1
5450,Julie Hall,Male,2000-03-09,2020-07-12,,5055.0,9
5451,Brandon Smith,Male,1969-04-05,2022-07-14,2024-04-17,5332.0,10
5452,Luis Graham,Female,1975-04-23,2018-04-18,,5059.0,8
5453,Vincent Montgomery,Male,1966-09-09,2024-05-30,,5736.0,2
5454,Yvonne Shepherd,Male,1986-08-14,2022-06-05,2023-06-08,5128.0,5
5455,Danny Williams,Female,2002-10-03,2016-11-30,2022-12-04,5863.0,2
5456,Cindy Bennett,Male,1971-06-21,2023-03-31,2024-07-20,5884.0,3
5457,Aaron Thomas,Male,1996-06-28,2022-04-20,2022-09-01,5155.0,10
5458,Michael Evans,Male,1997-08-11,2017-03-09,2024-01-11,5726.0,6
5459,David Keller,Female,1979-09-17,2022-01-15,2022-07-10,5367.0,3
5460,Thomas Chapman,Other,1981-05-30,2018-01-26,2021-09-30,,1
5461,Monica Jacobs,Male,1984-04-04,2022-10-22,2020-07-05,5406.0,8
5462,Jessica Jackson,Male,1987-03-29,2022-05-28,2024-09-28,5587.0,4
5463,Renee Rhodes,Female,1981-02-01,2022-03-26,2021-01-10,5567.0,2
5464,Mary Howell,Female,1967-10-31,2017-05-20,2022-10-14,6161.0,2
5465,Allison Davis,Female,2000-09-22,2024-08-06,2024-01-12,5614.0,3
5466,Jonathan Williams,Female,1991-03-01,2023-10-15,2023-08-09,5847.0,8
5467,Christopher Rocha,Female,1978-05-29,2015-11-06,2025-01-25,5548.0,10
5468,Jonathan Miller,Female,1968-12-01,2015-09-10,2024-07-22,6035.0,9
5469,Ronald Ross,Female,1971-11-06,2019-03-07,,5868.0,2
5470,Marie Lawrence,Female,1979-04-26,2017-03-16,,5301.0,10
5471,Jill Rasmussen,Male,1974-10-25,2022-10-10,2022-09-18,6127.0,10
5472,Ryan Long MD,Male,2002-03-14,2024-10-14,2021-05-07,5873.0,3
5473,Kevin Gonzalez,Male,1989-03-29,2018-09-01,2024-03-24,5474.0,8
5474,Matthew Kramer,Female,1994-05-09,2016-04-17,2024-08-22,5182.0,3
5475,Melanie Cruz,Male,1973-11-24,2023-05-02,2023-03-13,5066.0,7
5476,Jared Anderson,Female,1977-11-19,2025-02-07,,5736.0,7
5477,Angel Jenkins,Female,1974-08-14,2022-06-01,2023-05-04,6064.0,2
5478,Charles Morrow,Female,1975-07-29,2017-06-20,2022-12-03,5004.0,8
5479,Marcia Hardin,Male,1980-01-30,2019-06-11,2024-09-11,5017.0,6
5480,Mary Dean,Female,1986-03-19,2015-08-10,2024-11-10,5894.0,5
5481,Alison Roberts,Female,1998-10-28,2018-03-15,2024-04-06,5401.0,6
5482,Ronald Oconnor,Male,1966-10-07,2016-06-24,2021-10-20,5870.0,6
5483,Alexandra Murray,Female,1971-12-23,2019-10-17,2023-04-05,5353.0,7
5484,Joe Wood,Male,1987-04-28,2018-07-26,2023-07-22,5630.0,10
5485,Gregory Jordan,Female,1974-11-25,2016-02-25,2022-08-02,5485.0,4
5486,Kenneth Hayden,Female,1993-03-10,2017-07-05,,5397.0,5
5487,Kristen Riley,Male,1995-06-16,2024-09-24,2024-09-10,5828.0,2
5488,Hailey Turner,Male,1980-03-03,2016-08-13,2023-09-30,5763.0,5
5489,Nicole Walton,Female,1972-03-30,2020-03-10,2025-05-10,6180.0,7
5490,Michaela Vasquez,Female,1978-11-16,2024-07-14,2021-02-11,5046.0,9
5491,Jill Park,Female,1968-08-02,2019-10-22,,5217.0,2
5492,Amanda Hutchinson,Male,1980-02-21,2022-03-07,2023-05-14,5577.0,3
5493,Terry Dennis,Female,1976-12-12,2024-06-14,2020-12-27,5440.0,9
5494,Kathryn Le,Female,1997-08-18,2022-01-01,2021-11-05,5238.0,10
5495,Richard Simpson,Male,1968-03-16,2024-05-05,2022-08-30,5530.0,6
5496,Carla Wilson,Male,1978-03-10,2023-05-26,2025-04-02,5313.0,8
5497,Michael Guerrero,Female,1993-02-11,2015-11-04,2021-07-26,6160.0,1
5498,Victoria Potter,Female,1976-05-14,2024-04-09,2022-02-15,5907.0,4
5499,Shannon Harris,Male,1974-06-04,2018-12-26,2024-07-09,5573.0,2
5500,Thomas Rojas,Male,1980-04-02,2025-03-07,2023-11-16,5962.0,6
5501,Peter Lester,Other,1966-03-18,2016-06-24,2021-08-03,6006.0,2
5502,Jason Sexton,Female,1984-01-08,2017-07-24,,5206.0,6
5503,Isaac Hernandez,Male,1995-02-19,2024-09-14,2025-04-08,6027.0,3
5504,Emily Rodriguez,Female,1969-12-02,2020-01-28,2024-12-11,5533.0,5
5505,Sophia Johnson,Female,1972-08-01,2022-10-31,2022-08-10,5192.0,10
5506,Jordan Lewis,Female,1977-06-23,2022-01-02,,5832.0,7
5507,Mary Rodriguez,Female,1990-06-13,2024-11-12,2022-02-20,5579.0,1
5508,Patricia Blevins,Male,1996-04-12,2024-06-18,,5589.0,2
5509,Sabrina Johnson,Female,1984-04-07,2017-11-16,2025-03-14,5577.0,4
5510,Kimberly Miller,Male,1992-09-09,2018-10-27,2022-01-28,5876.0,1
5511,Daniel Morton,Male,1996-03-01,2016-08-29,2022-01-28,5354.0,4
5512,Steven Rocha,Male,1997-03-18,2023-08-09,,6151.0,6
5513,Tonya Harris,Male,1972-04-19,2016-01-03,2021-12-10,5869.0,4
5514,Amber Boyd,Female,1971-10-23,2025-01-12,2024-05-19,5721.0,7
5515,Nicole Lewis,Male,1980-01-02,2019-12-31,2022-09-08,6045.0,6
5516,Jennifer Collins,Female,1970-08-24,2021-11-18,,5956.0,6
5517,Colin Hernandez,Female,1972-06-17,2022-01-25,2023-09-16,6007.0,10
5518,Johnny Maldonado,Female,2001-03-05,2023-06-11,2021-02-10,5147.0,1
5519,Christopher Fry,Male,1969-04-25,2016-06-10,2022-02-22,5832.0,10
5520,Leon Johnson,Female,1985-03-29,2024-05-24,2021-12-24,5964.0,1
5521,Melissa Wilson,Male,1968-05-01,2019-03-24,2023-09-28,5447.0,1
5522,James Cook,Female,1996-07-17,2017-04-09,2020-12-27,5014.0,3
5523,Krystal Curry,Female,2001-03-23,2018-03-15,2022-01-22,5768.0,6
5524,Michelle Salinas,Male,1999-10-24,2023-01-07,2024-04-06,5723.0,10
5525,Scott Levine,Female,1978-02-17,2019-02-01,,5265.0,7
5526,Ryan Turner,Female,1969-06-03,2022-06-27,2025-01-13,5521.0,3
5527,Nathan Davis,Male,1987-05-01,2017-04-18,2024-10-01,5375.0,10
5528,Stephen Gregory,Male,1986-12-17,2016-06-05,2024-01-06,5244.0,4
5529,Kenneth Harris,Female,1977-02-24,2017-10-21,,5070.0,3
5530,Dennis Moore,Female,1977-11-24,2020-02-29,2023-07-09,5477.0,7
5531,Clifford Woods,Other,1978-06-02,2019-10-02,,5121.0,9
5532,George Dillon,Male,1978-02-05,2020-08-22,,6035.0,1
5533,Victor Lopez,Male,1999-05-20,2024-01-23,2022-11-19,5752.0,8
5534,Stuart Kim,Female,1990-12-14,2017-05-06,2023-03-11,5081.0,8
5535,Sonia Johnson,Female,1965-12-24,2025-06-16,,5586.0,3
5536,Cesar Reynolds,Female,2001-04-19,2025-03-14,2021-07-20,6099.0,10
5537,Jeremy Cooley,Female,1967-04-10,2021-10-03,2024-02-17,5865.0,10
5538,Laurie Wong,Male,1973-11-04,2016-05-03,,5310.0,1
5539,John Moore,Male,1991-06-10,2021-11-15,2021-03-22,5810.0,10
5540,Kelly Stanton,Female,1975-07-24,2024-07-29,2023-04-18,5218.0,9
5541,Andrea Jones,Male,1973-07-20,2021-07-07,2025-03-21,5574.0,6
5542,Matthew Chavez,Male,1969-05-28,2020-04-18,,5531.0,5
5543,Stephanie Lozano,Male,1984-03-25,2018-05-16,2020-08-25,5005.0,1
5544,Joshua Bryant,Female,1975-01-07,2018-08-29,2020-11-29,5445.0,6
5545,Samantha Pratt,Female,2002-02-25,2023-06-04,,5810.0,2
5546,Felicia Rios,Female,1969-05-17,2022-02-22,2021-03-30,5060.0,1
5547,Jeremy Wilson,Male,1984-01-25,2015-08-13,2020-08-22,5547.0,4
5548,Emily Burke,Female,1967-06-10,2024-08-29,2025-02-06,5927.0,2
5549,Julia Nichols,Other,1986-02-17,2019-10-06,2021-09-22,5461.0,1
5550,Steven Martinez,Female,1978-12-15,2017-03-05,2021-10-13,5735.0,10
5551,Samuel Gomez,Male,1994-09-22,2016-06-29,2024-12-02,5303.0,6
5552,Melissa Cooley,Male,2001-10-30,2021-08-08,,5883.0,10
5553,Kevin Diaz,Male,1967-05-27,2015-07-30,2023-04-13,5580.0,8
5554,Kimberly Stout,Female,1976-11-16,2018-02-22,2024-05-11,5863.0,10
5555,Aaron Shields,Female,1986-11-26,2022-11-21,,5792.0,6
5556,Randall Clarke,Female,1980-03-29,2024-04-25,2022-08-09,5468.0,9
5557,Katherine Deleon,Other,1972-06-12,2021-08-03,2021-08-05,5092.0,4
5558,Jennifer Hayden,Female,1997-02-09,2025-04-21,2022-03-31,5405.0,6
5559,Pamela Price,Male,1996-02-16,2018-05-22,2020-10-21,5489.0,5
5560,Katelyn Braun,Female,2000-10-10,2019-01-18,2023-02-20,5742.0,9
5561,Victor Leonard,Male,1994-11-01,2019-08-24,2024-08-08,5561.0,5
5562,John Richards,Female,1984-07-20,2025-01-15,,6183.0,7
5563,Steven Gonzalez,Female,2000-08-14,2019-04-07,2022-06-06,5769.0,6
5564,Martha Davis,Female,2000-11-24,2021-11-29,,5096.0,10
5565,Melvin Thomas,Female,1993-11-08,2020-03-04,,5181.0,8
5566,Michael Valenzuela,Male,1972-09-28,2020-05-03,2022-05-20,5482.0,7
5567,Richard Martin,Male,1976-12-10,2022-03-29,,5778.0,8
5568,Brooke Dudley,Female,1981-01-28,2019-07-24,2023-12-06,5529.0,2
5569,Debbie Butler,Female,1967-04-30,2023-05-24,2022-01-04,5807.0,10
5570,Amy Gill,Female,1970-02-03,2021-02-26,2022-11-25,5550.0,10
5571,Michael Fowler,Female,1984-12-25,2021-12-08,,5306.0,8
5572,Jean Graham,Male,1991-08-02,2020-02-20,2024-12-27,5436.0,8
5573,Jonathan Boyle,Female,1968-05-11,2019-12-23,2023-04-03,5078.0,4
5574,Michelle Tyler,Female,1982-03-18,2018-12-01,,5727.0,4
5575,Patrick Simpson,Female,1980-02-01,2016-02-02,,5419.0,5
5576,Mark Brooks,Male,1972-03-13,2021-01-08,,5449.0,2
5577,Joshua Rodriguez,Female,1971-08-31,2016-01-19,2022-01-05,5836.0,1
5578,Charles Rogers,Male,1972-07-29,2018-09-30,2021-07-10,5297.0,1
5579,Colin Burns,Female,1996-08-07,2022-01-22,,6072.0,7
5580,Bryan Gomez,Female,1966-11-17,2023-07-14,2024-11-28,6086.0,2
5581,Sandra Stanley,Male,1994-11-07,2022-04-30,2022-08-30,5711.0,8
5582,David Myers,Male,1991-07-20,2024-11-27,,5010.0,10
5583,Eric Casey,Female,1984-02-11,2019-10-11,2022-11-23,5671.0,4
5584,Gary Thornton,Female,1996-12-08,2019-02-16,,6136.0,10
5585,Andrew Foster,Male,2002-03-03,2016-03-21,2024-07-30,5756.0,8
5586,Kristin Bowers,Male,1995-09-21,2016-08-13,2021-12-22,5795.0,4
5587,Lori Roy,Female,1977-11-29,2018-04-19,2023-10-10,6186.0,6
5588,Dr. Jeffrey Spence,Female,1996-10-07,2023-10-25,2024-04-14,5297.0,4
5589,Mr. Juan Gonzalez,Male,1996-02-15,2021-06-08,2021-09-05,6082.0,10
5590,David Anderson,Male,1966-12-15,2019-08-03,2024-10-24,5613.0,7
5591,Danielle Mccarthy,Female,1980-03-30,2021-07-04,2022-02-13,5153.0,6
5592,Melissa Banks,Female,1993-10-08,2024-06-22,,5729.0,5
5593,Michelle Melendez,Female,1990-04-04,2018-07-27,2020-10-16,5759.0,1
5594,William Ortiz,Female,1999-06-24,2024-10-05,2021-08-17,5081.0,9
5595,Matthew Mckee,Female,1977-10-23,2023-03-01,2020-10-09,5549.0,5
5596,Darren Smith,Female,1966-07-27,2016-09-23,,5712.0,1
5597,Daniel Keller,Female,1970-08-28,2023-07-25,,5644.0,5
5598,Miss Cynthia Gray DVM,Male,2000-12-07,2024-09-20,2020-11-03,5688.0,3
5599,Wayne Garcia,Male,1990-09-02,2018-06-28,,5777.0,8
5600,Michael Wilson,Male,1979-10-05,2018-01-02,2022-10-13,5308.0,9
5601,Ronald Willis,Male,1990-08-31,2021-02-21,2022-06-18,6168.0,10
5602,Sheri Fleming,Female,1998-06-01,2018-12-19,,5832.0,4
5603,Ashley Evans,Male,1996-10-28,2024-05-08,2021-08-12,5047.0,9
5604,Benjamin Richmond,Female,1968-04-20,2023-06-17,2025-06-04,5579.0,5
5605,Christopher Stephens,Male,1970-06-18,2021-11-13,,5614.0,5
5606,Cassandra Wilcox,Female,1980-10-18,2017-07-29,,5153.0,8
5607,Peter Martinez,Female,1984-04-15,2024-06-19,2023-10-14,5947.0,3
5608,Melinda Reynolds,Female,1984-01-04,2017-06-10,2020-07-09,5327.0,9
5609,Catherine Munoz,Female,1984-06-03,2016-02-09,2024-10-25,6063.0,6
5610,Andrea Richardson DDS,Female,1975-12-14,2021-07-03,2024-09-15,6116.0,8
5611,Melinda Williams,Female,1966-03-02,2023-08-22,2024-12-23,5042.0,9
5612,Victor Welch,Female,2001-01-05,2017-02-22,,6096.0,7
5613,Elizabeth Huff,Male,1999-09-28,2022-12-03,2025-05-15,5070.0,4
5614,Martin Sanchez,Female,1967-11-02,2020-05-25,2022-08-06,5780.0,3
5615,Kathy Taylor,Female,1973-11-05,2019-12-02,,6157.0,8
5616,Jacqueline Williams,Female,2002-09-01,2018-05-29,2024-04-04,5094.0,10
5617,William Carroll,Female,1976-01-26,2020-08-10,2022-12-09,6195.0,8
5618,Christine Ramos,Female,1999-02-06,2016-11-07,2025-01-17,5316.0,8
5619,Mary English,Male,1982-10-10,2017-11-03,2020-08-27,5087.0,9
5620,Robert Baker,Male,1971-02-10,2020-05-09,2024-12-21,6172.0,2
5621,Ryan Foster,Female,1980-08-10,2024-04-19,2023-04-27,5200.0,2
5622,Connor Wilson,Male,1996-08-29,2019-02-24,2023-03-20,5211.0,1
5623,Nicole Brown,Female,1986-11-30,2017-06-07,2024-09-30,5354.0,2
5624,Crystal Fuller,Female,1976-10-17,2015-08-20,2021-09-09,5225.0,8
5625,Jason Shelton MD,Other,1977-01-20,2016-09-06,2021-02-22,6124.0,6
5626,Megan Hood,Female,1967-07-10,2023-03-04,2021-08-27,6092.0,4
5627,Laura White,Female,2002-04-15,2015-11-09,2020-07-31,5039.0,6
5628,Melissa Huerta DDS,Female,1974-05-19,2022-11-09,2024-05-10,5536.0,9
5629,Holly Brady,Female,1978-10-17,2021-05-30,2020-10-25,5393.0,5
5630,Paige Manning,Female,1983-01-12,2021-12-21,2020-09-06,6110.0,9
5631,Kelly White,Female,1976-02-05,2019-07-06,2022-06-11,5832.0,4
5632,Zachary Fields,Male,1981-02-17,2024-01-27,2025-03-14,5088.0,3
5633,Angela Santos,Female,1983-10-31,2023-08-10,2024-11-04,6039.0,1
5634,Michael Collins,Male,1980-02-12,2024-06-07,,5934.0,10
5635,Carla Roberts,Male,1978-12-10,2024-08-17,2022-11-19,6011.0,6
5636,James Wood,Female,1989-03-01,2017-08-30,2023-06-20,6049.0,8
5637,John Meyer,Male,1994-07-23,2016-11-14,2021-04-20,5631.0,2
5638,Erica Keith,Male,1992-05-26,2020-12-27,2023-04-26,5216.0,4
5639,Craig Weaver,Female,1999-08-11,2016-08-04,,5556.0,2
5640,Theresa Hahn,Male,1982-02-02,2021-10-17,2020-09-29,5479.0,10
5641,Henry Payne,Female,1999-05-10,2022-07-05,2025-03-13,5641.0,7
5642,Carol Phillips,Male,1982-04-26,2020-10-01,2023-08-05,5299.0,1
5643,Karen Sandoval,Male,1968-07-24,2022-04-30,2021-06-06,5682.0,9
5644,Jesse Combs,Male,1968-08-03,2022-09-28,,6075.0,2
5645,Stephen Powell,Female,2002-07-01,2019-09-03,2024-11-19,5742.0,9
5646,Jessica Brandt,Male,1980-01-29,2019-11-10,2025-03-27,6027.0,10
5647,Donald Vargas,Male,1992-01-31,2022-12-21,2021-07-15,5754.0,7
5648,Vincent Williams,Female,1989-09-30,2022-01-04,,5424.0,5
5649,Jay Hogan,Male,1967-10-21,2019-05-01,2025-03-18,5052.0,10
5650,Justin Ramirez,Female,1984-07-27,2015-10-16,,5885.0,8
5651,Joshua Lutz,Female,1968-10-09,2024-07-21,2023-02-13,5134.0,8
5652,Aaron Pierce,Female,1991-03-14,2016-01-31,2023-04-08,5829.0,10
5653,Jason Smith,Male,1994-08-06,2020-08-17,2024-12-28,5626.0,10
5654,Stephen Smith,Male,1969-01-12,2018-02-15,2020-07-30,5602.0,1
5655,David Chang,Male,1996-08-28,2021-04-08,2024-03-28,5861.0,2
5656,James Dixon,Female,1982-12-02,2021-09-23,2024-03-06,5331.0,10
5657,Kristen Reyes,Male,1978-02-28,2019-06-21,2021-07-27,6076.0,7
5658,Tamara Jacobs,Male,1985-03-30,2024-07-26,2022-03-26,5070.0,10
5659,Joseph Hicks,Male,1997-02-23,2021-08-26,2024-01-30,5531.0,3
5660,Julie Dodson,Male,1998-01-23,2017-03-25,2021-07-30,5143.0,4
5661,Emily Benson,Female,1967-02-28,2022-09-20,2023-08-27,5805.0,2
5662,Zachary Young,Male,1984-08-06,2024-09-28,,5059.0,6
5663,Michele Mccullough,Male,2000-11-26,2019-01-09,2024-12-20,5040.0,4
5664,John Perez,Female,1998-06-29,2018-12-12,2022-12-05,6008.0,1
5665,Tina Chang,Male,1996-10-22,2024-12-17,2022-09-06,5447.0,1
5666,Kristen Smith,Male,1970-10-15,2020-04-02,2025-03-31,6031.0,2
5667,Ronald Todd,Male,1985-01-26,2021-04-06,2023-06-24,6002.0,3
5668,Mason Stewart,Female,1968-02-04,2023-03-26,2024-02-25,5485.0,1
5669,Steve Thomas,Male,1985-08-04,2017-10-25,2021-06-12,5271.0,2
5670,Brittany Ramirez,Male,1975-06-02,2020-09-28,2022-06-26,5890.0,4
5671,April Garcia,Male,1994-11-15,2025-06-30,2022-07-16,6051.0,3
5672,Teresa Mitchell,Male,1965-08-28,2024-04-10,2022-09-13,5600.0,5
5673,Jennifer Green,Female,1999-10-19,2024-07-30,2020-11-23,5152.0,10
5674,Christine Lewis,Male,1965-08-24,2022-07-07,2024-05-25,5796.0,1
5675,Michael Rodgers,Female,1971-05-02,2021-05-19,,5529.0,5
5676,Monica Larson,Male,1972-08-15,2020-08-15,2023-05-22,5348.0,2
5677,Michael Watts,Female,1993-02-22,2021-08-04,2024-04-26,5314.0,8
5678,Kimberly Mitchell,Female,1998-06-27,2023-06-10,2023-08-24,5594.0,8
5679,Connie Winters,Female,1972-02-02,2022-01-16,2024-06-04,5235.0,10
5680,David Rodriguez,Male,1983-08-30,2016-01-30,2021-01-04,,3
5681,Dustin Sullivan,Female,1993-11-24,2016-09-15,2024-11-14,5464.0,10
5682,Mike Hughes,Male,1984-07-30,2023-08-04,,5834.0,3
5683,Rodney Hernandez,Female,1971-06-25,2022-10-18,2021-03-24,5598.0,3
5684,Jean Wood,Male,1973-07-22,2022-03-31,,6115.0,7
5685,Oscar Nguyen,Female,1986-01-08,2015-11-24,2023-03-27,5011.0,8
5686,Theresa Gonzalez,Female,1983-12-06,2017-03-14,2020-08-17,5556.0,5
5687,Michael Aguilar,Male,1977-12-11,2021-07-26,2021-06-07,5261.0,3
5688,Ashley Torres,Female,1968-04-26,2017-05-03,2020-10-25,5053.0,3
5689,Brandon Jones,Female,1973-06-10,2022-02-03,2024-04-11,6134.0,5
5690,Lindsey Pierce,Male,1973-02-26,2019-09-22,2022-01-17,5811.0,10
5691,Christopher Hill,Female,1972-10-19,2016-10-05,,5495.0,9
5692,Todd Bailey,Male,1986-07-22,2017-01-29,,5070.0,7
5693,Stacey Hansen,Female,1978-12-25,2024-10-27,2023-01-03,5890.0,6
5694,Billy Perez,Female,1978-12-11,2015-07-17,2021-09-15,5217.0,1
5695,Michael Sandoval,Male,1994-11-08,2024-08-19,2021-03-20,5975.0,5
5696,Charles Webb,Male,1993-01-11,2015-10-08,2021-12-09,5475.0,8
5697,Jeffrey Higgins,Female,1972-02-17,2018-02-17,2022-04-30,5280.0,9
5698,Amanda Wood,Female,1988-11-09,2016-02-28,2020-12-22,6058.0,7
5699,Anthony Patterson,Male,1985-12-31,2018-08-05,2024-12-24,5472.0,1
5700,Matthew Ryan,Male,1974-11-22,2022-05-15,2021-04-20,6095.0,4
5701,Joseph Riley,Female,1982-02-12,2017-09-02,2025-05-01,5537.0,10
5702,Claire Solis,Female,1976-12-13,2024-02-05,,5005.0,1
5703,Jennifer Andrews,Male,1974-01-04,2020-09-10,,5009.0,3
5704,Megan Ward,Female,1972-01-18,2022-12-28,2024-10-29,5679.0,2
5705,Chris Davis,Male,1966-08-04,2022-07-24,,5280.0,1
5706,Joy Mahoney,Female,1967-04-27,2024-03-24,2022-11-05,5706.0,10
5707,Richard Johnson,Male,1985-09-20,2018-09-22,,5504.0,6
5708,Pamela Kane,Female,1999-05-24,2021-07-13,2022-11-10,5495.0,7
5709,Catherine Stafford,Other,1985-04-15,2023-03-06,2022-04-16,5734.0,6
5710,Patricia Gray,Male,1968-07-06,2017-03-22,2022-11-21,5595.0,6
5711,Tracy Martin,Female,1977-07-30,2020-06-27,,5505.0,5
5712,Cassandra Morales,Male,1992-11-26,2015-09-17,,5089.0,5
5713,Scott Ward,Female,1994-03-11,2022-11-15,,5713.0,8
5714,Heather Rhodes,Female,1989-07-10,2023-08-06,2022-12-16,5944.0,2
5715,Mr. Kevin Russell,Male,1968-08-02,2024-03-30,2024-02-04,6009.0,7
5716,Mark Jones,Male,1975-07-15,2016-06-15,2022-07-17,5935.0,9
5717,Justin Miller,Male,1991-07-14,2015-11-04,2020-11-10,6184.0,6
5718,Steven Watts,Male,1996-12-21,2016-06-16,2020-08-14,5561.0,1
5719,Kim Murphy MD,Male,1983-08-12,2025-04-13,2020-09-12,5611.0,10
5720,Angelica Roth,Male,1974-04-29,2018-10-31,2025-06-30,5605.0,5
5721,Felicia Martinez,Female,1971-06-19,2017-12-06,2020-11-11,5443.0,10
5722,Jessica Thomas,Female,1986-06-30,2019-12-27,2022-11-13,5747.0,5
5723,Jacob Small,Female,1993-11-08,2022-04-07,2020-07-01,5999.0,8
5724,Stacie Smith,Male,1975-11-28,2020-11-11,2022-11-23,5963.0,6
5725,Barbara Roberts,Female,1992-05-10,2020-11-22,2024-04-28,5017.0,8
5726,Cory Harding,Female,1974-01-01,2023-09-13,2022-07-02,5941.0,4
5727,Christopher Richardson,Female,1988-09-08,2018-08-21,2020-11-15,5328.0,6
5728,Hannah Hall,Male,1987-07-21,2021-04-15,2024-08-03,5700.0,3
5729,Sean Aguilar,Female,1989-10-30,2024-10-27,2025-01-25,5249.0,3
5730,William Hart,Female,1983-07-27,2017-09-16,,6094.0,4
5731,Carol Martinez,Male,2002-09-15,2017-12-08,2022-12-05,5389.0,10
5732,Christopher Howell,Female,2003-01-13,2019-08-18,,5732.0,5
5733,Michael Cisneros,Male,1971-04-08,2024-09-13,2024-03-19,5463.0,9
5734,Sarah Levine,Male,1969-10-31,2024-07-31,2022-03-23,,8
5735,Theodore Davila,Male,1980-02-14,2021-07-18,,5419.0,7
5736,Andrea Mcdaniel,Male,2001-10-29,2022-03-25,2021-04-01,6009.0,9
5737,Deborah Long,Female,2001-12-22,2019-02-27,2023-01-17,5002.0,5
5738,Thomas Davis,Female,1981-03-19,2023-01-19,2023-05-28,5229.0,3
5739,Michael Ellis,Female,1997-04-25,2018-10-11,2023-03-16,5306.0,8
5740,James Swanson,Female,1990-12-16,2018-02-08,2024-12-29,6065.0,10
5741,Kimberly Knight,Female,2001-11-17,2024-05-04,2024-01-21,5115.0,7
5742,Sarah Mcgrath,Male,1993-11-17,2024-11-13,,5943.0,10
5743,Jay Evans,Male,1969-08-15,2024-01-23,2020-12-31,5059.0,5
5744,David Gilmore,Male,1986-05-14,2019-12-14,2024-06-11,5975.0,1
5745,Karina Frederick,Female,1977-03-02,2020-09-27,2023-12-03,5215.0,6
5746,Jordan Pugh,Male,1976-02-17,2020-02-08,2021-10-06,5547.0,5
5747,Stephen Diaz,Female,1972-08-04,2024-12-04,2023-02-23,5641.0,8
5748,Melissa King,Female,1996-04-05,2017-12-05,2025-05-10,5598.0,5
5749,Ronald Oliver,Female,1985-10-19,2017-06-02,2020-07-31,5615.0,10
5750,Ryan Joseph,Female,2000-06-15,2015-08-02,2022-10-02,,9
5751,Richard Beltran,Female,1967-04-05,2020-10-07,2021-10-18,6123.0,7
5752,Cynthia Snyder,Male,1971-01-23,2023-06-22,2023-09-07,6012.0,5
5753,Russell Young,Other,1976-11-19,2020-11-07,2021-01-01,5307.0,9
5754,Laurie Olsen,Male,1976-05-02,2020-09-17,2020-07-14,5915.0,5
5755,Melanie Anderson,Male,1975-10-20,2022-04-05,,5615.0,10
5756,Holly Barton,Male,1979-08-03,2023-12-25,2024-03-15,5825.0,10
5757,Whitney Hoover,Other,1971-03-19,2017-01-08,,5343.0,6
5758,Andrew Brown,Female,1994-06-03,2020-11-04,2023-08-19,5658.0,5
5759,Dr. Matthew Kennedy MD,Female,1987-11-21,2020-02-21,2022-02-17,5245.0,6
5760,Rebekah Sanchez,Male,1980-06-01,2025-03-17,,6086.0,10
5761,Debbie Alvarez,Male,2003-03-14,2015-08-02,,5692.0,5
5762,Keith Adkins,Female,1981-11-10,2018-02-08,2022-08-05,5724.0,4
5763,Linda Johnston,Male,1979-12-31,2017-01-15,,5023.0,2
5764,Michael Harrison,Male,1996-03-04,2017-11-10,,5628.0,1
5765,Daniel Wood,Male,1990-10-16,2017-12-20,,5546.0,3
5766,Michelle Fields,Male,2000-01-05,2020-02-18,,5095.0,3
5767,Larry Fitzgerald,Female,1993-01-04,2020-09-02,2025-06-05,5117.0,3
5768,Stephen Gilbert,Female,1975-12-10,2019-03-27,2023-03-16,6120.0,8
5769,Cynthia Powers,Female,1977-01-30,2016-04-21,2021-05-26,5535.0,1
5770,Benjamin Armstrong,Male,1990-11-06,2015-08-12,2021-01-17,,7
5771,Michael Marquez,Female,1995-04-01,2024-12-26,2022-03-27,5237.0,2
5772,Joseph Wilkins,Male,1986-04-15,2024-05-10,,5727.0,5
5773,Harold Huber,Male,1973-07-18,2016-05-18,2022-03-11,5297.0,9
5774,Brenda Oconnell,Female,1967-12-02,2024-08-08,,5683.0,5
5775,Mrs. Gwendolyn Hall,Male,2002-04-30,2024-03-16,,5186.0,5
5776,Karen Russell,Female,1995-12-07,2021-03-19,2023-09-20,5843.0,1
5777,Anthony Carson,Female,1986-01-28,2017-03-27,2023-08-24,5807.0,1
5778,Kathleen Welch,Female,1991-07-07,2018-06-14,,5580.0,9
5779,Edward Ramirez,Female,1986-11-03,2022-10-25,,5503.0,9
5780,Jasmine Collins,Male,1973-06-02,2019-05-18,2021-04-07,5623.0,4
5781,Nancy Marshall,Male,1997-09-10,2018-12-06,2023-08-03,5189.0,6
5782,Bonnie Fernandez,Male,1983-01-14,2025-06-05,,5970.0,4
5783,Sarah Daniels,Female,2003-03-18,2019-10-28,2022-02-16,5111.0,9
5784,Kathryn Rodriguez,Male,1979-10-29,2022-07-01,2022-10-23,5703.0,2
5785,David Marquez,Other,2000-01-04,2021-10-30,2023-05-26,5841.0,7
5786,Patrick Lee,Male,1986-03-30,2017-08-14,2023-07-29,5966.0,1
5787,Joseph Gallegos,Male,1987-11-21,2018-08-14,,5366.0,7
5788,Angela Hunter,Male,1988-01-16,2021-11-23,2022-12-14,5082.0,8
5789,Eric White,Female,1982-04-15,2018-07-31,2021-05-25,5853.0,3
5790,Jamie Frost,Male,1966-05-18,2018-04-23,2021-03-28,5667.0,10
5791,Shelley Gilmore,Male,1996-08-03,2016-12-30,2022-12-29,5304.0,4
5792,Frank Thomas,Female,1989-04-24,2017-07-21,2023-04-13,5465.0,10
5793,Victor Wright,Male,1981-11-19,2018-02-07,2022-02-14,5074.0,4
5794,Dennis Patterson,Female,1993-11-26,2024-10-25,2025-03-11,6076.0,1
5795,Scott Thompson,Male,1993-11-07,2019-10-05,2022-03-24,5943.0,3
5796,Kathleen Meyer,Female,2002-04-09,2023-05-15,2024-03-26,5704.0,6
5797,Erik Berry,Male,1974-03-27,2021-03-01,2023-07-09,5837.0,5
5798,Julia Taylor,Female,1978-06-03,2021-04-19,,5085.0,10
5799,Pamela Jackson,Male,1979-02-05,2020-04-02,2020-07-18,5671.0,2
5800,William Lin,Male,1977-07-05,2019-04-01,2024-04-28,5280.0,2
5801,Eric Ramos,Female,1977-03-23,2021-08-19,2022-05-22,5916.0,10
5802,Duane Blackwell,Male,1987-10-31,2021-02-06,2020-09-07,5658.0,5
5803,Blake Hickman,Female,1976-04-22,2016-11-18,2022-06-06,5530.0,3
5804,Annette Bradley,Male,1975-01-06,2020-08-23,2025-05-09,6031.0,1
5805,Jacob Tucker,Female,1980-08-18,2018-05-07,,5139.0,6
5806,Laura Clark,Male,1975-09-06,2023-09-19,,5880.0,9
5807,Ronald Wheeler,Female,2002-01-30,2023-09-14,2024-04-08,5082.0,8
5808,Shelia Williams,Female,1986-05-30,2023-09-05,2021-10-08,5065.0,3
5809,Dorothy Parker,Male,1993-08-01,2018-09-05,2023-03-16,5791.0,2
5810,Jared Brown,Male,1987-12-03,2020-12-15,2022-10-09,5859.0,6
5811,Chris Jenkins,Female,1982-07-09,2017-04-25,,5455.0,1
5812,Charles Hobbs DDS,Male,1973-09-07,2021-04-27,2022-08-16,5049.0,3
5813,Cassandra Andrade,Female,1999-10-27,2018-12-11,2022-04-19,5147.0,5
5814,Anne Adams,Male,1972-05-31,2024-07-29,,5291.0,5
5815,Christopher Chapman,Female,1976-02-13,2018-12-25,,5882.0,1
5816,Karen Rios,Female,2000-11-18,2016-05-07,2021-10-16,6019.0,2
5817,Mr. Charles Black,Male,1997-11-12,2018-05-13,2022-10-15,5045.0,8
5818,Wayne Fleming,Male,1974-10-20,2015-09-12,2020-10-04,5752.0,2
5819,Steve Williams,Male,1988-09-10,2020-05-11,2022-11-05,5328.0,8
5820,Mr. Eric Gibson,Female,1972-08-11,2023-03-12,,5921.0,10
5821,Anthony Burton,Male,1966-10-24,2023-08-01,2020-07-07,5003.0,2
5822,Mike Sanders,Male,1983-06-23,2024-09-10,,5422.0,6
5823,Kimberly Gordon,Male,1966-08-07,2023-01-08,2024-03-28,5232.0,3
5824,Nathan Stewart,Male,1976-03-24,2023-02-08,2025-05-06,5293.0,7
5825,Thomas Santiago,Male,1990-01-06,2022-06-07,2022-06-08,5784.0,7
5826,Jennifer Mccormick,Male,1973-11-23,2024-05-20,,5866.0,2
5827,Elizabeth Ray,Male,1971-08-24,2019-06-18,2022-09-03,5305.0,1
5828,Robin Parrish,Female,1973-01-06,2023-08-04,2023-08-24,6080.0,1
5829,Laura Perez,Male,1986-04-06,2019-11-10,2021-09-17,5020.0,8
5830,Tyler Curry,Male,1968-12-13,2021-11-19,,5775.0,10
5831,Curtis Simpson,Male,1976-07-05,2023-10-18,,6158.0,1
5832,Nicole Wilkerson,Male,1995-03-10,2025-05-28,2022-11-30,5683.0,2
5833,Jeffrey Alexander,Female,1986-09-25,2024-08-30,2023-09-15,5215.0,3
5834,Robert Gardner,Female,1986-01-21,2022-11-03,2022-08-12,5165.0,2
5835,Ruth Tucker,Male,2002-04-17,2017-03-15,2021-02-18,5835.0,7
5836,Amy Mckinney,Female,1973-12-08,2017-07-07,2020-10-26,5825.0,9
5837,Laura Sanford,Male,1977-10-23,2023-02-16,2021-09-16,5918.0,5
5838,Jennifer Tucker,Male,1983-12-16,2024-09-16,2022-08-22,5361.0,6
5839,Debbie Mcknight,Female,1980-03-08,2023-05-02,2022-05-20,5379.0,2
5840,Mary Wu,Male,1968-10-19,2024-11-10,2024-06-04,5214.0,5
5841,Shawn Garcia,Male,1975-01-05,2018-09-25,,5405.0,3
5842,Tammie Harmon,Female,1981-05-04,2020-06-24,2021-07-01,5845.0,2
5843,Jesse Miller,Female,1994-10-13,2022-01-30,,5837.0,9
5844,Timothy Stout,Male,1981-08-08,2019-09-25,2024-10-01,5616.0,4
5845,Jody Brewer,Male,1993-11-04,2023-09-12,2024-01-23,5668.0,9
5846,Perry Lambert,Male,1983-04-14,2020-08-01,2024-08-20,6177.0,10
5847,Kendra Vincent,Female,1968-08-13,2016-12-10,2023-08-02,6108.0,5
5848,Christopher Hunt,Female,1999-07-07,2020-04-30,2022-10-18,5024.0,4
5849,Bradley Harper,Female,1982-04-11,2024-11-08,2021-04-27,5356.0,7
5850,Nicholas Beck,Male,1979-10-20,2021-07-01,,5176.0,5
5851,John Montgomery Jr.,Male,1966-02-06,2015-11-28,2021-09-02,5387.0,9
5852,Amy Dixon,Male,1972-08-13,2021-06-19,2023-03-13,5058.0,4
5853,Alexander Lee,Male,1988-06-15,2019-10-11,,5638.0,2
5854,Shelley Johnson,Female,1980-10-15,2017-04-23,2021-10-21,5203.0,4
5855,Mary Peterson,Female,1986-07-25,2021-02-02,2023-09-04,6101.0,1
5856,Kristen Nunez,Female,1989-06-19,2016-03-10,2021-10-07,5418.0,5
5857,Anna Aguilar,Other,1984-11-14,2021-12-12,2025-06-14,5269.0,3
5858,Angela Avila,Male,1987-03-29,2020-06-01,2024-11-01,5477.0,4
5859,Michelle Ruiz,Female,2003-06-16,2024-06-10,,5247.0,10
5860,John Walker,Female,1975-06-13,2017-05-26,2025-01-09,5364.0,9
5861,Edward Nunez,Female,2003-02-25,2022-06-04,2023-01-31,6094.0,7
5862,John Nash,Male,1998-10-01,2020-05-25,2024-08-17,5119.0,4
5863,Karen Todd,Male,1978-09-19,2022-02-10,,5088.0,9
5864,Kimberly Rogers,Female,1990-07-26,2016-09-24,2020-12-07,5462.0,3
5865,Timothy Taylor,Female,1994-11-23,2016-11-25,2021-09-18,5182.0,3
5866,Michael Jenkins,Other,2000-12-14,2025-04-29,,5092.0,8
5867,Kenneth Lynch,Male,1968-12-27,2024-03-07,2020-12-13,5882.0,9
5868,Christopher Jackson,Male,1997-09-06,2015-12-30,2023-04-30,5593.0,4
5869,Misty Norris,Female,1990-06-10,2025-01-24,2021-12-23,6032.0,2
5870,Heather Mullins,Female,1998-09-20,2024-01-04,2021-01-27,5449.0,4
5871,Shawn Howell,Female,2002-01-07,2024-02-22,2024-09-09,5946.0,7
5872,Amanda Ross,Female,2002-04-30,2024-07-30,2021-02-12,5184.0,10
5873,Eric Williams,Male,1968-04-19,2019-08-15,2021-07-21,5245.0,8
5874,Daniel Perez,Female,1993-11-12,2020-02-10,2021-01-30,5757.0,8
5875,Peter Williams,Female,1973-12-24,2019-05-27,2023-09-05,6178.0,8
5876,Sean Berg,Male,1985-04-26,2019-10-02,2020-12-09,5821.0,9
5877,Melissa Grant,Male,1979-06-23,2020-02-08,2023-05-16,,3
5878,Bryan Perry,Female,1976-05-07,2016-08-27,2020-10-17,6152.0,2
5879,Kenneth Miller,Male,1991-04-24,2018-08-05,2023-05-23,5751.0,7
5880,Christina Thompson,Female,1978-05-18,2025-03-20,2023-10-03,5372.0,6
5881,Chelsea Vasquez MD,Male,1978-12-03,2022-11-13,,5094.0,6
5882,Gabrielle Swanson,Male,2003-05-18,2018-09-12,2023-10-22,5531.0,6
5883,April Ortega,Male,1972-10-10,2019-06-29,,5986.0,6
5884,Terri Murray,Male,1983-07-11,2021-06-22,,5044.0,2
5885,James Green,Male,1977-10-28,2023-08-05,2021-06-09,5078.0,9
5886,Lucas Miller,Female,1981-05-10,2024-09-23,2022-10-24,5077.0,10
5887,Jason Wallace,Male,1995-07-24,2021-03-24,2024-12-26,5859.0,9
5888,Thomas Travis,Male,1998-10-08,2017-05-22,2024-10-17,,7
5889,William Johnson,Female,1967-06-11,2022-08-22,2024-02-13,5965.0,7
5890,Robin Wilson,Male,1966-01-16,2019-12-31,,6008.0,9
5891,Nancy Perkins,Female,1999-07-16,2019-12-31,2022-03-25,5298.0,4
5892,Ashley Freeman DVM,Female,2001-10-09,2016-02-12,2024-09-17,5627.0,4
5893,Shannon Cordova,Male,1967-12-09,2017-04-30,2023-06-09,6113.0,5
5894,Dave Barnes,Other,2001-04-28,2016-09-09,,5578.0,1
5895,Ryan Rojas,Male,2002-11-04,2019-07-29,,5976.0,1
5896,Dave Mccarty,Male,1999-05-01,2018-07-06,2024-02-20,5045.0,7
5897,Katrina Webb,Female,2001-04-02,2019-10-03,2023-07-12,5307.0,10
5898,Dustin Smith,Female,1998-04-03,2017-02-21,2020-11-23,5708.0,4
5899,Zachary Cardenas,Male,1994-07-15,2024-07-14,,5625.0,2
5900,Erik Green,Male,1981-11-14,2019-10-08,2020-12-01,5247.0,6
5901,Caleb Gibson,Female,1989-05-09,2016-01-19,2022-08-21,5869.0,2
5902,Charles Singh,Male,1991-04-04,2020-03-04,2022-04-13,5800.0,3
5903,Sean Elliott,Male,1982-07-21,2016-11-03,2023-11-26,5903.0,6
5904,Jon Davis,Female,1993-02-02,2019-04-14,,5596.0,9
5905,Dr. Daniel Taylor,Female,1989-03-11,2022-03-08,2023-07-17,5531.0,5
5906,Carolyn Wilson,Male,1990-09-25,2016-09-01,2022-01-21,5205.0,1
5907,Raymond Noble,Female,1970-10-06,2024-04-21,,5138.0,6
5908,Miranda Williams,Male,1982-08-16,2018-07-06,,5084.0,9
5909,Gabriela Riley,Male,1966-05-05,2018-10-08,,5909.0,2
5910,Thomas Jackson,Female,1968-07-19,2017-03-11,2022-10-14,6025.0,7
5911,Felicia Kirk,Male,1986-04-26,2017-09-27,2023-03-09,5328.0,10
5912,Jeremy Bell,Male,1974-08-09,2020-07-25,2024-09-07,5002.0,6
5913,Amy Dunn,Female,1973-01-10,2024-10-29,2024-12-29,5588.0,5
5914,Martin Griffith,Male,1973-08-13,2020-08-25,2024-02-02,5829.0,7
5915,Phyllis Payne,Male,1978-01-20,2021-11-28,2024-11-15,5596.0,7
5916,Richard Todd,Male,1993-01-21,2017-07-21,,6158.0,4
5917,Shannon Perez,Female,1984-12-08,2016-12-08,2020-08-03,6010.0,7
5918,Angela King,Male,1986-12-25,2020-09-12,2023-06-14,5229.0,5
5919,Sonya Morris,Male,2000-10-06,2022-03-01,2023-05-23,5002.0,7
5920,Mary Parker,Female,1969-10-12,2023-07-11,2024-01-10,5721.0,10
5921,Matthew Thomas,Female,1993-09-04,2023-07-05,,5819.0,7
5922,Brandi Williams,Female,1970-08-23,2020-02-04,,,1
5923,Louis Carroll,Male,2002-07-30,2017-06-22,2021-06-10,5908.0,10
5924,Julie Floyd,Female,1992-04-07,2016-12-10,2024-04-12,5463.0,2
5925,Sandra Smith,Male,1966-05-15,2024-12-22,2022-05-04,5469.0,10
5926,Blake King,Male,2002-11-07,2021-12-17,,5322.0,3
5927,Gregory Wheeler,Male,1982-01-26,2025-04-03,2022-05-02,5118.0,5
5928,Joshua Keller,Female,1990-09-23,2018-01-30,2025-04-04,5189.0,3
5929,Janice Hoffman,Female,1968-02-25,2019-09-06,2024-03-28,5899.0,9
5930,Courtney Whitaker,Male,1972-03-19,2022-07-20,2022-12-28,5348.0,3
5931,Jonathon Neal,Male,1999-09-05,2017-10-26,2024-02-01,5233.0,9
5932,Julie Reed,Male,1999-10-24,2020-09-30,,5707.0,9
5933,Theresa Woods,Female,1994-02-28,2024-06-08,,5847.0,9
5934,Jordan Gray,Male,1989-06-07,2022-12-02,2021-12-26,5059.0,5
5935,Kaitlyn Salazar,Female,1968-07-21,2018-01-11,,5939.0,8
5936,Nicole Davis,Male,1980-10-06,2015-08-15,2024-11-22,5002.0,10
5937,Stephanie Jones,Male,1966-05-09,2016-11-17,2022-06-03,6039.0,1
5938,Andrea Dennis,Female,1969-05-12,2024-08-19,,,5
5939,Bryan Russell,Male,1979-04-16,2017-12-05,2023-05-18,5255.0,9
5940,Michael Johnson,Female,1979-07-05,2015-07-17,2022-04-03,5856.0,10
5941,Jennifer Delgado,Male,1980-04-26,2017-10-25,,5233.0,2
5942,James Nguyen,Other,1970-05-03,2020-03-14,2023-10-15,5445.0,5
5943,Carolyn Cochran,Male,1967-07-20,2023-11-05,,6079.0,8
5944,Robert Kent,Female,1990-09-24,2025-05-04,2022-04-12,5468.0,7
5945,Kelly Bauer,Female,1971-12-08,2017-09-26,2023-03-30,5592.0,3
5946,Casey Green,Other,1971-05-21,2019-09-17,,5654.0,8
5947,Paul Daniels,Male,1965-12-25,2018-02-02,2021-05-21,5038.0,10
5948,Kimberly Perez,Female,1997-02-20,2022-01-31,2021-02-25,5314.0,2
5949,Jennifer Williams,Male,1968-02-02,2021-07-31,2021-03-07,5096.0,6
5950,Julia Gates,Male,1968-02-29,2016-04-12,2021-11-29,5262.0,6
5951,Stephanie Turner,Other,1992-07-12,2024-02-27,,5243.0,3
5952,Eduardo Gallegos,Male,1982-06-08,2016-06-29,2025-02-24,5299.0,5
5953,William Mason,Male,1981-06-01,2025-01-10,2023-03-05,5941.0,8
5954,Allison Martinez,Female,1979-11-08,2021-10-26,2021-03-25,5421.0,7
5955,Darrell Bowman,Female,1982-06-20,2018-12-11,,5975.0,1
5956,Brian Carlson,Female,1975-06-10,2023-05-01,2023-11-30,5647.0,1
5957,Lucas Roach,Male,1985-07-02,2018-02-28,2021-10-06,5988.0,10
5958,Kelly Valdez,Female,1995-10-02,2017-05-23,2022-05-10,5449.0,9
5959,Tracy Armstrong,Female,1980-05-19,2022-01-06,,,1
5960,Cynthia Bowers,Male,1974-07-19,2018-09-20,2020-09-11,5353.0,6
5961,Christopher Davis,Female,1982-02-06,2019-07-19,2021-10-22,5962.0,5
5962,Barbara Gardner,Male,2002-07-09,2017-04-11,,6139.0,9
5963,Joann Austin,Female,1967-10-22,2023-10-01,,5487.0,3
5964,Adam Ramsey,Female,1986-02-20,2020-03-07,2021-01-20,5844.0,3
5965,Vanessa Carroll,Male,1993-11-07,2016-02-22,,5731.0,10
5966,Mrs. Heidi Joseph MD,Female,1970-08-16,2025-06-26,2022-09-11,5487.0,7
5967,Jason Valenzuela,Male,1982-02-19,2021-09-02,2022-12-13,5435.0,3
5968,Alexis Jacobs,Male,1968-06-24,2021-08-27,,5274.0,10
5969,Brian Rodriguez,Male,1984-02-18,2024-07-10,2022-06-14,5551.0,10
5970,Jose Hughes,Male,1994-09-28,2021-11-03,2021-09-19,6148.0,7
5971,Nathan Thompson,Male,1971-10-04,2022-09-20,2023-10-15,5690.0,2
5972,Maria Villanueva,Male,1972-11-09,2024-12-03,2023-09-26,5456.0,7
5973,Steven Christensen,Male,1993-01-03,2020-03-31,2025-02-12,6198.0,9
5974,Jessica Ross,Female,2002-11-25,2017-01-30,2020-08-07,5680.0,3
5975,Dawn Rodriguez,Male,1988-12-03,2021-12-05,2024-08-27,6125.0,7
5976,Beth Ray,Male,1992-06-18,2020-06-30,2023-11-26,5314.0,4
5977,Deanna Lucas,Female,1976-03-20,2024-07-22,2022-02-16,6115.0,10
5978,William Gonzalez,Male,1980-12-18,2023-09-13,2024-06-04,5543.0,2
5979,Amanda Branch,Female,1990-04-20,2016-01-18,2022-10-16,5072.0,2
5980,Randall Callahan,Male,1969-12-08,2019-02-22,2025-06-05,6020.0,6
5981,Valerie Hart,Female,2000-04-09,2021-08-04,,5159.0,2
5982,James Simmons,Female,1989-02-22,2020-04-17,2023-03-03,5424.0,4
5983,Erica Weiss,Male,1993-09-20,2019-08-05,2021-10-11,5080.0,9
5984,Stephanie Joyce,Female,1995-04-03,2024-10-01,2021-10-16,6102.0,10
5985,James Hernandez,Male,1969-04-19,2025-06-12,2024-02-16,5799.0,4
5986,Mike Adkins,Female,1993-01-08,2024-10-31,,5583.0,2
5987,Matthew Moore,Male,1999-09-04,2020-05-17,2022-01-14,,10
5988,Taylor Williams,Female,1971-05-18,2016-11-14,2021-05-22,5843.0,3
5989,Christopher Andrews,Male,2001-11-28,2019-12-16,2020-10-09,5746.0,10
5990,Karen Thomas,Female,1996-01-06,2016-07-23,2024-11-22,5635.0,10
5991,Jordan Bell,Female,1985-12-29,2019-09-04,2021-05-30,6039.0,5
5992,Melissa Crane,Female,1968-05-23,2022-12-27,2022-05-07,5434.0,5
5993,Casey Mckenzie,Female,2002-05-10,2022-04-13,2022-09-01,6159.0,1
5994,Maurice Todd,Other,1970-04-28,2024-01-31,2020-08-08,5315.0,4
5995,Brandon Schneider,Female,1985-05-15,2020-05-11,2022-12-02,5898.0,3
5996,Tiffany Salazar,Male,1978-06-10,2023-03-17,2025-04-03,5785.0,7
5997,Phillip Henderson,Male,1966-05-24,2024-03-26,2020-07-01,6119.0,9
5998,Christopher Travis,Female,1976-09-11,2021-05-05,2021-03-18,6072.0,7
5999,Jennifer Richardson,Female,1966-05-01,2017-12-02,,5078.0,3
6000,Brian Riley,Female,1971-02-15,2017-07-06,2021-04-17,5529.0,10
6001,Kimberly Patrick,Male,1975-10-31,2022-05-15,2021-04-17,5099.0,1
6002,Theresa Soto,Male,2000-08-29,2022-08-04,,5634.0,8
6003,Melanie Murray,Female,1977-10-31,2022-09-26,2023-08-02,5502.0,2
6004,Carl Rios,Other,1981-02-22,2019-01-29,2025-01-10,5368.0,8
6005,Kimberly White,Male,1994-07-01,2023-10-16,2021-09-12,6048.0,9
6006,Angela Carter,Male,1978-11-16,2019-03-01,2022-04-17,5984.0,1
6007,Christopher Harmon,Female,2001-10-12,2024-09-18,2022-04-26,5432.0,6
6008,Robin Carlson,Female,2001-08-21,2022-06-14,2023-08-02,5384.0,8
6009,Connie Nguyen,Female,2001-01-29,2016-05-01,,5335.0,3
6010,Justin Colon,Male,1973-06-14,2018-09-24,2024-06-22,5184.0,2
6011,Adrienne Mann,Female,1988-06-19,2023-03-14,2022-11-29,5396.0,2
6012,Morgan Lawrence,Female,1983-06-13,2019-07-10,2024-03-10,6195.0,3
6013,Brenda Bruce,Female,1992-03-09,2018-05-31,2023-10-14,5957.0,2
6014,Earl Gibson,Male,1970-03-16,2020-02-25,2024-10-20,5451.0,7
6015,Steven Peters,Female,1977-06-15,2017-06-03,2021-12-16,,6
6016,Chase Garcia,Female,1983-12-08,2024-04-01,,5329.0,4
6017,Philip Parker,Male,1994-01-12,2024-08-15,2024-06-22,5838.0,6
6018,Alexandra Hood,Female,1990-02-28,2022-02-20,2024-11-21,5512.0,1
6019,Charles Bartlett,Female,1966-05-23,2016-10-15,,5412.0,4
6020,Clayton Dickerson,Female,1987-07-16,2017-12-03,2024-08-25,5621.0,2
6021,David Welch,Female,1970-05-26,2016-12-31,2022-09-21,6005.0,4
6022,Janet Harvey,Male,1993-07-11,2015-07-14,2022-10-28,5120.0,10
6023,Donna Rice,Male,1986-02-14,2018-01-12,2023-01-10,6054.0,2
6024,Peggy Wilson,Female,1992-10-18,2016-08-21,,5371.0,5
6025,Stephen Smith MD,Male,1986-08-30,2016-12-17,2021-10-25,6074.0,8
6026,Katherine Olsen,Male,1977-03-18,2019-06-11,,5294.0,1
6027,Melissa Chavez,Male,1983-07-17,2016-02-08,,5814.0,4
6028,Paula Gonzalez,Male,1981-03-19,2023-12-31,2022-10-15,6038.0,9
6029,Brian Garcia,Other,1992-12-24,2021-08-13,2021-02-01,5375.0,10
6030,Nicholas Hurst,Male,1970-12-28,2018-10-22,2022-01-14,5321.0,7
6031,Sara Smith,Female,1990-05-01,2020-06-23,2021-11-21,5617.0,9
6032,Eric Sanders,Male,1996-07-30,2022-07-18,,5213.0,2
6033,Amber Knapp,Female,1969-09-16,2020-04-30,2023-10-09,5904.0,5
6034,Amber Guerra,Female,1992-12-16,2023-09-16,,5358.0,2
6035,James Hill,Male,1965-08-22,2024-01-01,2023-09-25,5886.0,4
6036,Madeline Thompson,Male,1999-12-23,2018-12-09,2024-08-13,5759.0,7
6037,Christopher Johnson,Male,1972-03-13,2017-12-04,2021-09-28,5547.0,10
6038,Daniel Perry,Female,1972-04-24,2020-09-21,,6086.0,8
6039,Duane Ballard,Male,1992-12-26,2020-10-18,2021-01-05,5233.0,9
6040,Cheryl Bennett,Male,1968-05-16,2019-10-01,,5678.0,1
6041,Tammy Wells,Female,1971-03-08,2020-09-15,,5371.0,8
6042,Catherine Smith,Male,1969-08-05,2017-11-05,2023-07-10,5547.0,3
6043,Mark Carr,Female,1985-07-24,2022-09-23,,5571.0,9
6044,Paula Sweeney,Male,1997-09-16,2018-04-25,2025-03-31,5797.0,3
6045,Nicolas Simmons,Female,1977-06-25,2021-05-29,2021-09-07,5760.0,6
6046,Christina Barnett,Male,2001-02-16,2020-02-12,2020-10-18,6020.0,1
6047,Natasha Warren,Female,1965-09-28,2023-07-29,2021-08-18,5466.0,9
6048,Nicholas Henry,Female,1981-11-21,2021-04-05,2021-06-11,5219.0,3
6049,Jaime Perez,Other,1972-09-01,2025-02-27,2022-01-28,5210.0,1
6050,Amber Parker,Female,1979-12-27,2016-07-22,2020-10-29,5413.0,4
6051,Dominique Simmons,Male,1984-04-14,2020-10-10,2021-12-30,5691.0,1
6052,Jennifer Wilson,Female,1998-02-19,2024-09-07,2022-02-02,5777.0,2
6053,Robert Bennett,Male,2000-05-06,2022-01-04,2021-06-21,5331.0,4
6054,Anna Flynn,Female,1992-08-10,2023-01-18,2024-04-02,5264.0,2
6055,Mr. Matthew Ward,Female,1988-10-28,2016-11-19,,5525.0,6
6056,Courtney Yates,Female,1968-04-05,2018-01-24,2022-09-16,6051.0,5
6057,Sandra Schroeder,Female,1983-05-15,2022-09-28,2021-10-20,6057.0,4
6058,Alyssa Holmes,Female,1989-05-07,2021-03-22,2023-07-24,5468.0,9
6059,Richard Joyce,Female,1967-10-20,2022-04-30,2025-05-19,5838.0,2
6060,Amanda Castaneda,Male,1998-05-15,2016-08-22,2024-07-02,5450.0,9
6061,April Rivera MD,Male,1965-08-31,2020-07-28,,5575.0,10
6062,Denise Rowe,Male,1995-12-11,2019-02-07,2023-07-22,5565.0,1
6063,Rebecca Myers,Male,1973-06-08,2018-05-09,,5667.0,8
6064,Nicole Huang,Female,2003-04-28,2024-01-20,,5554.0,8
6065,Kenneth Schmidt,Male,1980-05-09,2020-11-19,2021-10-08,6031.0,7
6066,Kimberly Hill,Female,1986-11-21,2016-12-10,2024-05-30,5956.0,6
6067,Denise Fitzgerald,Female,1970-05-13,2024-05-16,,5828.0,10
6068,Bobby Wright,Male,1972-06-16,2021-01-31,2020-09-12,6110.0,6
6069,Kevin Moore,Male,1985-12-28,2019-05-10,2023-10-01,6043.0,10
6070,Michael Campos,Male,1973-07-03,2020-10-04,,5146.0,8
6071,Robin Savage,Other,1991-11-11,2018-12-29,2024-07-27,6186.0,7
6072,Frederick Lynch,Male,1967-02-23,2017-04-27,2020-11-17,5638.0,2
6073,Robert Francis,Female,1987-12-13,2023-12-29,2023-02-07,5339.0,10
6074,Kevin Lee,Male,1996-04-08,2020-10-28,,5784.0,3
6075,Brian Sanders,Male,2003-01-19,2016-08-01,,6004.0,2
6076,Tyler Walker,Female,1981-05-14,2020-09-10,2021-01-13,5276.0,2
6077,Christopher Parker,Other,1981-08-15,2021-07-01,2024-04-05,5339.0,1
6078,Alfred Patterson,Male,1969-07-04,2018-03-01,2022-02-17,5967.0,8
6079,Nicholas Garcia,Female,2001-11-11,2018-04-08,2023-01-29,5574.0,5
6080,Dawn Sanchez,Male,1972-10-30,2018-06-24,,5622.0,9
6081,Scott Stevenson,Male,1969-08-31,2017-09-11,2022-11-30,5739.0,3
6082,Phillip Cooper,Female,1967-05-25,2022-09-25,,5420.0,10
6083,Angela Booker,Female,1990-07-14,2023-06-23,2023-11-25,5955.0,5
6084,Tracey Schwartz,Female,1982-10-18,2023-11-29,2022-05-06,5001.0,10
6085,Ms. Sarah Black DVM,Female,1979-07-23,2021-10-16,2024-01-01,5877.0,3
6086,Daisy Ryan,Female,1980-12-15,2024-07-18,2024-03-27,5464.0,3
6087,Whitney Rivera,Male,1973-01-07,2024-10-25,2022-03-29,5177.0,9
6088,Stephanie Pugh,Female,1970-04-05,2023-05-27,2021-01-06,5461.0,8
6089,Martha Myers,Female,1994-01-18,2016-06-30,2023-11-17,,7
6090,Charles Frazier,Male,1987-11-30,2017-12-16,2022-12-31,5741.0,8
6091,Valerie Lawrence,Female,1970-04-01,2020-07-19,2022-07-12,5956.0,2
6092,Andrew Higgins,Male,1983-05-21,2018-09-10,2023-10-19,5584.0,7
6093,Stacey Green,Male,1967-01-02,2021-11-24,2021-08-17,6101.0,6
6094,Erik Lee,Male,1980-01-06,2023-12-23,2021-07-21,5436.0,3
6095,Nichole Holloway,Male,1988-03-15,2016-02-21,2024-10-29,5289.0,1
6096,Angie Martinez,Female,1981-10-30,2022-03-31,2021-03-24,5266.0,7
6097,Donna Perez,Female,1983-04-23,2023-10-29,2022-02-13,5279.0,9
6098,Paul Mendoza,Female,2001-05-15,2021-09-02,2022-06-18,,10
6099,Joshua Avery,Male,1972-11-25,2024-01-02,2022-09-11,5739.0,2
6100,Patricia Rogers,Male,1996-11-07,2025-02-04,2025-06-01,6097.0,1
6101,James Erickson,Male,1972-10-16,2024-09-23,2022-07-27,6060.0,9
6102,Amy Carlson,Male,1991-12-16,2020-11-12,2021-02-11,5640.0,9
6103,Barry Bailey,Male,1977-11-25,2016-06-17,,5103.0,10
6104,Charles Adams,Female,1977-07-08,2020-05-25,2022-09-13,5135.0,1
6105,Karen Ryan,Male,1990-11-12,2022-02-03,,5968.0,2
6106,Brittany Hood,Female,1988-04-20,2019-03-04,,5587.0,4
6107,Gary Robinson Jr.,Male,1997-12-16,2017-09-15,2023-09-23,5353.0,2
6108,Jeremy Morales,Male,1969-05-18,2022-11-06,2024-02-15,6131.0,1
6109,Sarah Walker,Female,2001-12-04,2024-08-04,2025-02-13,5661.0,10
6110,Jerome Spears,Female,1978-07-21,2024-02-14,2023-07-28,5863.0,1
6111,James Curry,Male,2001-01-26,2019-02-04,2021-01-02,5308.0,3
6112,Randy Garza,Male,1978-06-29,2023-04-15,2023-04-01,5853.0,2
6113,James Fuller,Male,1995-01-28,2024-02-01,,5029.0,10
6114,Scott Jones,Male,2000-10-11,2017-01-14,2020-11-10,5780.0,8
6115,Brittany Weaver,Female,1996-01-17,2023-03-04,,,7
6116,Robert Foster,Male,1968-02-08,2020-11-10,2025-06-02,5907.0,6
6117,Amanda Brown,Male,1965-11-15,2019-02-27,2023-06-09,5610.0,3
6118,John Johnson DVM,Female,1997-11-18,2022-06-29,2023-01-15,5916.0,2
6119,Hunter Smith,Male,1969-04-16,2018-06-13,2023-12-27,6061.0,2
6120,Christy Rose,Female,1998-12-28,2021-03-04,,5762.0,7
6121,Deborah Warren,Male,1966-09-14,2022-07-19,,5425.0,4
6122,Mr. Brian Gonzales,Female,1967-10-05,2018-12-29,,5203.0,3
6123,Hunter Jackson,Female,1967-04-10,2023-04-02,,5884.0,5
6124,Kristen Davis,Female,1992-03-10,2015-07-06,,5635.0,6
6125,Nicole Briggs,Male,1993-08-25,2017-04-18,2025-03-05,5347.0,4
6126,Phillip Mathis,Male,1999-04-22,2023-06-10,2021-10-23,5343.0,6
6127,Maria Norton,Female,1984-09-21,2025-06-12,,5005.0,1
6128,Angela Sherman,Female,1980-01-26,2019-03-01,,5737.0,5
6129,Ronnie Whitehead,Male,1982-11-06,2017-07-27,,5220.0,2
6130,Marie Holland,Male,1990-01-15,2024-11-24,2022-12-17,5235.0,5
6131,Leslie Mason,Female,1977-03-15,2017-03-29,2023-07-19,5612.0,6
6132,Yvonne Schroeder,Other,2001-11-20,2024-02-02,,5648.0,5
6133,Emily Wall MD,Male,2003-03-23,2017-07-17,2024-03-15,6094.0,3
6134,Steven Johnson,Female,1974-07-08,2025-04-06,2021-06-12,5627.0,8
6135,David Johnson,Female,1997-07-19,2020-07-15,2023-01-26,6188.0,8
6136,Thomas Hayes,Male,1999-03-05,2025-01-17,2022-04-24,5809.0,5
6137,Stephen Sanchez,Female,1966-02-19,2022-08-24,2024-05-02,5120.0,10
6138,Donna Boyd,Female,1995-06-16,2020-10-10,2024-09-05,5739.0,3
6139,Jennifer Jacobs,Female,1974-03-12,2020-11-07,2023-06-12,6082.0,8
6140,Yesenia Kramer,Female,1997-11-30,2017-02-14,2022-08-27,5188.0,10
6141,Lisa Acosta,Other,1977-10-01,2021-05-25,,6155.0,10
6142,Jennifer Howard,Male,1967-12-02,2020-10-30,2022-08-31,5956.0,9
6143,Jasmine Fisher,Other,1974-10-29,2015-08-27,2021-11-03,5018.0,2
6144,Angela Waller,Female,1985-11-18,2016-06-27,2021-10-13,6109.0,8
6145,Jack Foley,Male,1974-11-10,2024-07-07,2022-01-14,6133.0,6
6146,Terry Cunningham,Female,1976-04-26,2021-10-16,,5885.0,4
6147,Kelly Cochran,Female,1980-04-18,2018-05-07,,5577.0,6
6148,Christine Warren,Male,1997-07-08,2017-04-30,2023-06-03,5795.0,1
6149,Daniel Molina,Female,1972-02-11,2019-06-17,2022-02-05,6149.0,4
6150,Amanda Hayes,Female,1968-04-11,2023-08-24,2022-01-29,5056.0,4
6151,Sandra Fisher,Male,1976-01-25,2024-08-28,2024-11-14,5760.0,6
6152,Brian Cooper,Female,1976-09-15,2017-04-24,2025-04-08,5007.0,2
6153,Joshua Walters,Female,1980-03-12,2025-03-09,,5632.0,7
6154,Laura Solis,Male,1995-03-20,2018-10-31,,5154.0,8
6155,Krystal Dawson,Female,1974-10-01,2024-07-11,2022-11-01,5018.0,2
6156,James Mendez,Male,1999-10-02,2024-02-29,2021-02-10,6009.0,2
6157,Robert Romero,Female,1986-12-27,2025-04-23,2021-12-21,5285.0,6
6158,Tammy Hunt,Female,1990-10-12,2025-01-27,2020-11-03,5166.0,4
6159,Sally Price,Male,1976-06-19,2016-08-10,2021-12-16,5596.0,2
6160,Douglas Mercado,Male,1976-10-27,2023-06-21,,5523.0,3
6161,William Pierce,Male,1982-07-09,2021-03-12,2020-07-22,5255.0,8
6162,Hector Bennett,Female,1990-08-23,2017-04-24,2024-12-21,5736.0,5
6163,Jessica Hunt,Male,1967-02-12,2020-01-23,2022-05-23,5366.0,7
6164,Kyle White,Male,1972-04-26,2016-11-04,2023-03-03,5496.0,7
6165,Amanda Vasquez,Female,1995-12-04,2018-01-27,2023-10-04,5751.0,10
6166,Peter Walls,Male,1977-12-04,2019-02-27,2022-04-08,6174.0,2
6167,Jordan Bell,Female,1990-08-25,2018-03-02,,5306.0,1
6168,Valerie Ibarra,Female,1995-11-20,2016-09-27,2022-06-24,5518.0,8
6169,Melissa Campos,Female,1997-04-05,2019-04-30,2022-09-06,6112.0,2
6170,Brian Rice,Male,1980-04-07,2023-04-25,2021-05-08,5976.0,3
6171,Adam Charles,Male,1967-10-14,2018-01-31,2025-06-23,5717.0,7
6172,Debbie Gutierrez,Female,1972-02-13,2019-03-29,,5541.0,2
6173,Tonya Perkins,Female,1971-06-15,2016-02-17,2024-09-20,5625.0,1
6174,Roberto Hayden,Male,1980-09-01,2018-05-06,2021-09-15,5375.0,3
6175,Earl Miller,Male,1978-10-12,2020-09-09,2022-02-05,5321.0,9
6176,Luke Wood,Male,1966-09-21,2024-01-29,,6181.0,8
6177,Tammy Hendrix,Male,1969-11-30,2016-02-22,2023-09-23,5524.0,2
6178,Shaun Nguyen,Female,1974-07-12,2017-01-20,2021-07-26,5940.0,5
6179,Steven Richardson,Male,1985-01-08,2025-03-16,2021-08-03,5423.0,7
6180,Susan Moon,Female,1970-03-14,2024-01-01,,5783.0,4
6181,Tyler Munoz,Female,1965-07-12,2024-12-24,2022-08-13,5332.0,7
6182,Deborah Wells,Male,1969-11-01,2019-01-22,2024-04-14,5220.0,5
6183,Samantha Rodriguez,Female,1969-12-07,2017-11-22,,6106.0,6
6184,Jose Bond,Other,1990-05-26,2017-01-23,2022-02-28,5140.0,1
6185,Adriana Santos,Male,1983-04-22,2018-05-23,2023-07-18,5515.0,3
6186,Jennifer Wilcox,Female,1971-05-15,2022-07-12,,5995.0,9
6187,Wayne Nelson,Female,1994-12-15,2024-05-11,2022-07-10,6035.0,6
6188,Emily Jones,Male,1968-12-10,2022-02-06,2020-10-25,5685.0,9
6189,Zachary Oliver,Female,1978-07-16,2021-01-22,2025-05-27,6189.0,10
6190,Chad Stuart,Female,1976-10-11,2021-03-01,2020-07-15,5411.0,7
6191,Scott Strong,Male,1978-10-19,2023-04-24,2023-06-05,5935.0,10
6192,Sherri Young,Female,1980-01-12,2017-01-17,2023-12-01,5362.0,3
6193,Paula Cobb,Male,1972-12-20,2024-10-07,,6075.0,8
6194,Dustin Beltran,Male,1980-11-23,2018-01-22,2023-03-24,5352.0,4
6195,Anthony Santiago,Female,1976-07-18,2020-08-15,2021-11-17,5390.0,10
6196,Michael Richardson,Male,1990-11-10,2025-05-06,2024-12-23,5406.0,9
6197,Zachary Brown,Female,1989-04-19,2021-09-15,2023-04-18,5503.0,3
6198,Gregory Cox,Male,1998-10-03,2023-07-30,2022-08-30,5270.0,9
6199,Jason Roth,Male,1990-12-12,2017-10-28,,6199.0,5
5991,Jordan Bell,Female,1985-12-29,2019-09-04,2021-05-30,6039.0,5
5245,Marie Peterson,Male,1979-12-27,2016-09-10,,5211.0,3
6031,Sara Smith,Female,1990-05-01,2020-06-23,2021-11-21,5617.0,9
5816,Karen Rios,Female,2000-11-18,2016-05-07,2021-10-16,6019.0,2
5521,Melissa Wilson,Male,1968-05-01,2019-03-24,2023-09-28,5447.0,1
6110,Jerome Spears,Female,1978-07-21,2024-02-14,2023-07-28,5863.0,1
5303,Sharon Alexander,Male,1988-09-12,2016-01-16,,5374.0,3
5076,Anthony Odonnell,Male,1995-03-27,2017-11-20,,5108.0,10
5961,Christopher Davis,Female,1982-02-06,2019-07-19,2021-10-22,5962.0,5
5252,Matthew Miller,Female,1991-11-15,2016-04-20,2020-08-14,5887.0,10
